Pop,Indiv,Cohort,A1_AC1359,A2_AC1359,A1_AC1578,A2_AC1578,A1_AC915,A2_AC915,A1_ACH_B6,A2_ACH_B6,A1_ACH_C1,A2_ACH_C1,A1_ACH_D1,A2_ACH_D1,A1_APR_Cf29,A2_APR_Cf29,A1_APR_Cf8,A2_APR_Cf8,A1_APY_45,A2_APY_45,A1_APY_65,A2_APY_65,A1_NNG_004,A2_NNG_004,A1_NNG_012,A2_NNG_012,A1_NNG_028,A2_NNG_028
2,APCL28,0,243,249,254,254,225,225,159,179,96,101,326,330,211,213,241,243,214,214,256,256,252,252,112,116,290,303
2,APCL38,1,245,245,252,254,225,225,175,195,92,92,326,338,231,231,241,241,214,225,258,260,254,254,112,116,290,294
2,APCL21,0,243,245,254,254,225,225,167,171,92,96,314,330,217,219,241,243,214,225,252,256,252,252,112,116,296,296
2,APCL27,0,243,245,254,254,225,225,175,175,92,113,318,326,219,219,241,243,214,225,256,258,252,254,112,118,290,305
2,APCL48,0,243,243,254,254,225,225,171,179,96,96,326,330,231,231,243,243,214,222,252,258,252,252,112,112,296,309
2,APCL39,0,243,245,254,254,225,225,171,179,92,96,322,330,231,249,241,243,214,225,252,258,252,252,112,112,290,290
2,APCL47,0,243,243,254,254,225,225,159,171,92,96,326,338,219,225,241,243,214,240,258,258,252,252,112,112,290,290
9,APCL89,0,245,249,252,254,225,231,167,171,101,101,318,338,211,223,241,243,214,214,258,262,252,252,112,116,290,292
9,APCL97,0,243,245,254,254,225,225,167,171,96,96,326,342,211,231,241,241,225,225,252,256,252,252,116,116,290,290
9,APCL93,0,243,245,254,254,225,225,171,175,92,101,330,338,211,215,241,243,214,227,256,258,252,252,112,116,290,290
9,APCL88,0,243,243,254,254,225,225,183,195,101,101,306,322,215,231,241,243,225,225,252,256,252,252,116,116,290,296
9,APCL92,1,243,243,254,258,225,225,171,171,105,113,314,338,211,225,241,243,214,220,252,258,252,252,112,116,290,296
9,APCL91,1,231,245,254,260,225,225,171,195,96,105,318,326,219,219,241,241,214,225,258,258,252,254,112,112,290,294
9,APCL94,1,243,245,254,254,225,225,171,175,96,101,310,334,213,219,243,249,214,214,252,258,252,252,112,116,296,296
9,APCL90,0,245,245,254,254,225,225,163,167,96,96,310,322,209,217,241,249,214,225,252,252,252,254,112,116,290,294
9,APCL96,1,243,245,254,254,225,225,159,179,96,113,318,334,211,215,241,241,214,214,252,252,252,252,112,112,290,296
9,APCL95,0,245,245,254,254,225,225,167,175,92,105,310,322,211,213,241,241,225,225,252,258,252,252,112,112,290,298
9,APCL101,0,243,243,254,258,225,225,163,171,92,96,0,0,213,231,243,243,216,229,256,258,252,252,112,116,290,296
9,APCL104,1,243,249,252,254,225,225,179,183,96,96,326,342,213,217,241,241,214,225,252,258,252,252,112,116,290,296
9,APCL102,0,243,243,254,254,225,227,183,187,94,96,310,322,211,211,241,249,214,225,252,258,252,252,112,116,290,309
9,APCL100,1,243,243,254,254,225,225,175,187,96,96,326,330,207,231,241,243,214,214,256,258,252,252,116,116,290,311
9,APCL108,1,245,245,252,254,225,225,167,191,96,105,322,326,213,231,241,249,225,229,252,252,252,252,116,116,290,298
9,APCL105,1,243,243,254,254,225,225,163,175,92,96,322,326,211,231,241,243,214,225,252,256,252,252,112,116,296,298
9,APCL103,1,243,245,254,254,225,225,175,179,92,96,326,326,211,211,241,249,214,246,258,264,252,252,116,116,290,290
9,APCL106,1,249,253,252,254,225,225,155,175,92,96,314,346,211,211,241,243,214,225,258,258,252,254,112,116,290,296
9,APCL107,1,243,245,254,258,225,225,167,175,96,101,330,342,221,231,241,241,214,225,0,0,252,252,112,116,296,296
9,APCL111,0,243,247,254,258,225,225,163,163,101,113,326,342,217,219,241,249,214,222,250,264,252,252,116,116,290,290
8,APCL126,1,243,245,254,254,225,227,171,175,94,101,310,322,217,249,241,241,214,214,252,258,252,254,112,116,296,296
8,APCL135,1,243,245,254,254,225,225,175,175,92,96,322,326,211,219,241,243,214,216,0,0,252,252,112,112,290,290
8,APCL131,0,243,249,252,254,225,225,171,171,96,113,330,342,213,219,241,249,214,229,256,264,252,254,112,112,290,290
8,APCL130,0,243,245,252,254,225,225,163,167,96,113,306,334,211,249,241,243,218,225,252,258,252,252,116,116,288,296
8,APCL132,0,243,243,254,254,225,225,171,175,96,105,314,346,231,249,241,241,214,227,250,252,252,252,112,116,290,290
8,APCL141,0,245,249,254,254,225,225,171,179,96,96,334,334,217,231,241,243,216,225,252,258,252,252,116,116,290,292
8,APCL129,1,243,245,254,254,225,225,171,191,96,101,318,326,209,251,249,249,225,225,250,258,252,252,116,116,290,296
8,APCL128,1,245,253,254,254,225,225,163,167,105,105,334,334,211,231,241,243,214,214,252,256,252,252,116,118,290,294
8,APCL140,1,243,243,256,260,225,225,179,183,92,96,302,306,213,217,241,241,214,214,252,260,252,252,112,116,294,296
8,APCL134,1,245,249,254,254,225,225,171,195,92,96,342,342,209,211,241,241,214,225,252,258,252,254,112,112,294,296
8,APCL125,0,243,243,254,254,225,225,175,199,101,105,334,334,211,249,241,249,214,225,258,258,252,252,112,116,296,298
8,APCL127,1,243,243,254,258,225,225,167,175,96,96,318,334,211,231,241,241,214,229,252,256,252,256,116,116,290,294
8,APCL124,1,243,247,254,258,225,225,171,171,105,113,318,334,211,211,241,243,225,229,0,0,252,252,112,116,296,296
8,APCL133,1,245,249,254,254,225,225,159,187,96,113,314,322,211,249,243,249,225,225,252,258,252,252,112,112,296,296
8,APCL139,0,243,243,254,254,225,225,171,171,101,101,286,346,211,219,241,249,214,225,258,258,252,252,112,112,296,296
8,APCL136,1,243,245,254,254,225,225,183,195,92,105,330,330,211,219,243,249,216,229,252,258,252,252,112,112,290,294
8,APCL145,0,243,253,254,258,0,0,171,179,96,101,314,318,211,211,241,243,214,229,258,258,252,252,112,112,290,296
8,APCL143,1,243,245,254,254,225,225,179,179,96,101,334,342,209,209,241,241,214,229,256,258,252,252,112,116,294,294
8,APCL144,0,243,245,254,254,225,225,167,175,101,113,322,326,211,211,241,243,214,225,256,258,252,252,112,116,290,294
8,APCL142,1,243,247,252,254,225,225,179,183,101,101,318,326,211,219,243,249,214,214,256,258,252,252,112,116,290,296
11,APCL162,1,243,245,254,254,225,225,171,183,94,96,294,330,0,0,241,243,214,229,0,0,252,252,116,118,290,290
11,APCL163,1,243,243,254,256,225,225,163,163,96,113,306,346,207,213,241,243,225,229,258,258,252,254,112,116,290,298
11,APCL166,0,245,245,254,254,225,225,167,171,96,96,318,326,211,217,241,249,214,225,252,258,252,252,114,116,290,290
11,APCL165,1,243,243,254,254,225,227,187,187,96,96,314,326,217,231,241,249,214,225,252,252,252,252,112,118,290,294
11,APCL172,0,245,245,254,260,225,225,159,187,96,96,326,334,215,219,249,249,214,214,252,256,252,254,112,112,290,298
11,APCL173,0,243,249,252,254,225,225,175,187,96,96,322,342,211,211,243,243,214,229,252,256,252,252,116,116,290,290
11,APCL177,1,243,245,254,254,225,225,171,187,92,96,330,334,211,249,241,249,225,225,256,262,252,252,112,112,290,296
11,APCL176,0,243,245,252,254,225,225,171,171,92,96,322,330,211,211,241,243,214,214,252,258,252,252,112,116,290,298
11,APCL171,1,245,245,254,258,225,225,171,195,92,96,310,314,211,219,243,243,214,214,250,264,252,254,112,116,296,303
11,APCL182,0,243,245,254,254,225,225,171,175,96,101,322,326,211,231,241,241,214,225,252,264,252,252,116,116,290,296
11,APCL190,0,243,243,254,254,225,225,171,179,94,96,334,346,211,217,241,249,214,225,252,252,252,254,112,112,290,294
11,APCL194,0,243,249,254,260,225,225,163,199,92,105,298,322,211,211,241,243,214,229,252,258,252,254,112,116,288,290
11,APCL192,1,243,249,252,254,225,225,171,179,101,101,314,334,209,219,241,249,214,225,252,258,252,252,116,118,290,290
11,APCL187,0,243,245,254,254,225,225,171,183,94,96,326,326,211,219,241,249,214,229,262,262,252,252,112,116,290,300
11,APCL195,1,0,0,254,254,225,225,175,183,113,113,314,334,211,215,249,249,214,218,0,0,252,252,112,114,294,296
11,APCL193,1,243,245,254,254,225,225,171,175,96,101,314,346,211,231,241,249,216,225,260,264,252,252,112,116,296,296
11,APCL191,0,243,243,254,254,225,225,171,187,96,96,314,326,207,211,241,241,225,225,258,294,252,252,112,112,290,296
11,APCL196,0,243,243,254,254,225,225,159,179,96,96,310,334,209,219,241,241,214,225,258,258,252,252,112,116,290,296
11,APCL198,0,243,243,254,254,225,225,175,179,96,96,326,338,211,211,243,243,214,214,252,258,252,254,112,112,290,296
11,APCL197,0,243,243,254,254,225,225,159,167,92,113,338,342,211,219,241,241,214,214,252,258,252,252,112,112,296,298
10,APCL207,0,243,243,254,254,225,231,179,183,96,101,330,338,209,213,241,241,214,225,256,256,252,252,112,112,290,296
10,APCL202,1,243,245,254,254,225,225,175,179,101,105,326,326,207,221,241,243,214,225,252,258,252,252,112,116,290,290
10,APCL205,0,243,243,254,254,225,225,167,187,96,113,314,342,211,219,243,249,225,225,252,256,252,252,112,116,296,296
10,APCL204,0,243,245,254,254,225,225,159,175,92,92,318,334,211,217,241,243,216,225,258,258,252,254,112,116,290,296
10,APCL206,0,249,249,254,254,225,225,171,171,96,96,334,338,213,231,243,249,214,214,252,258,252,252,114,116,290,294
10,APCL201,1,243,243,258,258,225,225,167,175,101,105,310,330,211,217,241,241,214,229,252,258,252,252,112,116,294,296
10,APCL199,0,243,243,254,254,225,225,171,195,92,92,322,338,209,231,249,249,214,225,252,258,252,252,112,116,296,296
10,APCL200,0,245,249,254,254,221,225,183,191,96,96,334,338,211,211,243,249,225,229,256,258,252,252,112,112,290,292
10,APCL203,1,243,245,254,258,225,225,171,187,94,96,318,330,211,219,243,249,214,240,256,258,252,252,112,112,296,296
10,APCL208,1,243,245,252,254,225,227,159,179,92,94,330,342,209,211,241,243,214,225,258,258,252,252,112,112,296,298
10,APCL212,0,243,243,254,254,225,225,129,175,92,96,326,330,211,213,241,249,225,225,252,258,252,252,116,116,290,294
10,APCL219,0,243,245,254,254,225,225,167,175,96,101,318,330,219,247,241,249,214,229,258,258,252,254,116,116,296,298
10,APCL217,0,245,245,254,254,225,225,163,179,96,101,318,330,211,211,243,243,214,214,256,256,252,254,112,116,290,290
10,APCL218,0,243,247,254,258,225,225,171,187,96,113,322,334,211,215,241,241,214,229,252,258,252,252,112,116,290,296
10,APCL220,0,243,245,254,258,225,225,171,187,96,113,314,346,211,213,241,249,214,225,0,0,252,252,116,116,298,305
10,APCL225,0,243,243,252,258,225,225,167,179,101,113,314,326,211,215,241,241,214,225,252,258,252,252,112,112,288,294
10,APCL223,0,241,241,254,254,225,225,179,183,92,105,322,334,231,231,243,243,225,240,250,250,252,252,112,116,311,311
10,APCL224,0,243,245,254,254,225,225,163,167,92,96,294,322,201,211,241,249,214,216,250,256,252,252,112,118,290,296
10,APCL222,1,0,0,254,258,225,231,175,187,96,101,318,326,211,231,243,243,214,225,252,258,252,252,116,116,290,290
10,APCL221,0,243,247,254,254,225,225,179,187,96,113,314,338,211,249,241,243,225,225,256,258,252,252,112,112,290,290
13,APCL251,0,243,243,254,254,225,225,167,175,101,101,314,330,211,213,241,243,225,225,258,258,252,252,112,118,294,296
13,APCL249,0,243,245,254,258,225,225,171,175,96,96,330,334,211,213,249,249,225,229,258,258,252,252,114,116,290,290
13,APCL242,1,243,243,252,254,225,225,171,179,92,96,306,322,213,231,243,243,218,225,252,256,252,252,112,116,290,290
13,APCL240,1,243,245,254,254,225,225,171,171,101,105,326,326,211,213,241,243,229,229,250,258,252,254,116,116,294,298
13,APCL244,1,243,245,254,258,225,225,159,195,96,105,302,326,231,249,243,249,214,214,256,258,254,254,112,112,296,296
13,APCL241,1,245,247,252,254,225,225,179,183,92,113,322,338,211,211,241,249,214,214,258,258,252,252,112,112,290,290
13,APCL250,0,243,243,254,254,225,225,175,175,96,96,334,338,0,0,241,241,214,225,258,258,252,254,112,116,290,296
13,APCL252,1,249,249,254,254,225,227,171,171,92,96,314,322,213,221,241,243,225,225,258,258,252,254,116,116,294,296
13,APCL248,0,243,245,252,254,225,225,167,195,96,101,314,322,217,231,241,243,214,229,0,0,252,254,112,112,290,296
13,APCL245,0,245,253,254,254,225,225,171,175,92,105,310,338,211,211,243,243,214,229,252,258,252,252,112,116,290,290
13,APCL243,0,243,245,254,254,225,225,171,171,92,94,326,334,211,231,241,249,214,216,252,258,252,254,112,118,290,296
13,APCL247,1,243,245,252,254,225,225,179,195,92,101,314,322,211,231,241,249,225,225,258,258,252,254,112,116,296,296
13,APCL246,0,243,243,252,254,225,227,167,171,92,96,326,338,207,209,241,243,214,225,252,258,252,252,112,112,290,290
13,APCL256,1,243,243,254,260,225,225,183,187,101,113,330,338,211,249,241,241,214,229,258,262,252,252,112,112,290,296
13,APCL255,0,245,249,254,254,225,225,175,191,92,113,322,330,213,219,241,249,225,225,250,252,252,252,112,112,290,296
13,APCL259,0,243,245,254,254,225,225,167,167,94,96,314,318,213,247,241,241,225,225,258,260,252,254,112,116,288,298
13,APCL253,0,243,243,258,258,225,225,167,183,88,101,334,338,213,217,241,249,225,225,252,258,252,252,112,112,290,296
13,APCL254,0,243,245,254,254,225,225,171,175,96,96,322,326,211,231,241,249,214,225,250,258,252,252,112,112,298,298
13,APCL258,1,243,243,252,254,225,225,159,167,101,101,322,342,209,211,241,249,214,225,252,256,252,252,116,116,296,313
13,APCL257,0,243,247,254,260,225,225,171,187,92,96,322,326,213,215,241,249,225,225,252,258,252,254,112,116,290,290
20,APCL266,1,243,247,254,254,225,225,175,183,92,113,314,326,211,213,241,241,214,214,252,256,252,252,112,116,290,296
20,APCL274,1,245,249,252,254,225,225,179,179,96,101,318,326,211,223,241,241,214,214,258,258,252,252,112,114,296,296
20,APCL269,0,243,243,254,254,225,227,171,187,94,96,330,346,213,249,241,241,214,225,252,258,252,252,116,116,290,296
20,APCL268,0,245,245,254,254,225,225,175,187,92,96,314,322,209,213,241,243,214,229,250,252,252,252,112,112,290,298
20,APCL273,1,243,245,254,260,225,225,159,163,92,94,318,338,211,217,241,241,225,225,258,258,252,252,116,116,290,290
20,APCL270,1,243,243,258,258,225,225,167,195,96,96,330,330,211,231,241,249,214,225,256,258,252,252,112,116,290,296
20,APCL265,0,243,243,256,258,225,225,167,175,96,105,322,322,213,219,249,249,214,225,252,260,252,252,112,112,290,292
20,APCL272,0,243,245,254,254,225,225,129,183,101,113,322,326,213,217,243,243,214,229,258,260,252,252,112,112,290,292
20,APCL271,1,243,247,252,254,225,225,159,171,96,96,330,334,205,211,241,241,214,214,252,258,252,252,112,112,290,290
20,APCL264,1,243,243,254,254,225,225,0,0,92,96,326,334,211,211,241,241,214,225,252,252,252,252,112,116,290,296
20,APCL267,0,243,245,254,254,225,225,171,175,101,105,326,342,211,211,241,249,225,225,0,0,252,252,112,116,288,294
20,APCL275,0,243,243,254,254,225,225,167,171,92,96,318,322,211,211,241,243,216,229,250,258,252,254,112,112,296,298
20,APCL281,1,245,249,254,254,225,225,175,179,96,113,322,346,209,213,243,249,225,225,252,256,252,252,112,116,290,298
20,APCL285,0,245,247,254,254,225,225,167,171,92,113,306,318,199,219,241,241,225,229,252,252,252,254,112,116,296,298
20,APCL279,0,245,245,254,254,225,225,167,175,96,96,294,326,211,213,241,249,214,225,250,258,252,254,116,118,290,292
20,APCL280,0,245,245,254,254,225,225,179,187,96,101,322,334,209,213,241,243,214,225,252,258,252,254,112,116,290,298
20,APCL284,1,243,245,254,254,225,225,167,195,92,113,330,338,211,213,241,241,214,214,258,264,252,252,112,112,290,296
20,APCL282,0,245,245,254,260,225,225,159,167,96,105,314,326,211,231,241,241,214,229,252,252,252,254,112,118,290,296
20,APCL283,0,245,249,254,258,225,225,175,175,96,101,322,326,213,231,241,241,229,229,252,288,252,254,116,116,290,290
19,APCL296,0,243,243,254,254,225,225,175,191,92,96,318,330,211,217,241,241,216,229,252,258,252,254,112,112,290,290
19,APCL297,0,243,243,254,256,225,225,175,187,94,105,322,330,213,231,241,249,225,229,252,260,252,252,116,116,288,298
19,APCL294,1,243,243,252,256,225,225,175,183,96,101,314,326,213,231,241,241,210,214,252,252,252,252,112,112,296,296
19,APCL287,1,245,245,254,254,225,225,179,187,96,105,334,338,219,231,241,243,214,214,252,256,254,254,112,116,290,296
19,APCL300,0,243,245,252,260,225,225,163,175,96,113,322,330,209,211,241,241,229,229,0,0,252,254,116,116,294,296
19,APCL293,1,243,245,252,254,225,225,167,183,96,113,326,334,211,215,241,241,225,225,252,260,252,252,112,112,290,294
19,APCL298,0,243,243,252,254,225,225,163,175,94,96,318,326,211,231,241,241,214,225,252,258,252,252,112,116,290,294
19,APCL295,1,243,245,254,254,225,225,167,175,96,96,318,322,211,213,241,243,214,214,256,258,252,252,112,116,290,294
19,APCL304,1,245,253,254,254,225,225,167,171,94,96,322,334,221,231,249,249,214,229,258,298,252,254,112,112,296,311
19,APCL292,1,243,243,254,254,225,225,175,179,94,96,326,334,211,231,241,249,225,229,258,262,252,252,112,116,290,294
19,APCL289,0,243,245,0,0,225,225,167,171,96,113,346,354,207,213,243,243,210,214,252,264,252,252,112,116,290,290
19,APCL286,1,245,247,254,254,225,225,167,171,92,113,306,318,199,219,241,241,225,229,252,252,252,254,112,116,296,298
19,APCL299,0,245,245,254,254,225,225,171,191,92,96,306,338,211,253,241,249,214,225,252,256,252,252,112,112,290,296
19,APCL290,1,245,245,254,258,225,225,159,183,92,92,322,354,219,251,241,249,229,229,252,258,252,252,112,116,290,294
19,APCL305,0,245,249,254,254,225,225,171,175,96,96,310,326,207,249,241,241,225,229,252,258,252,252,112,114,290,290
19,APCL288,0,245,249,254,254,225,225,171,179,94,101,318,334,211,213,241,243,214,225,256,258,252,252,116,116,290,296
19,APCL303,1,243,245,254,254,225,225,175,179,92,96,322,342,211,219,249,249,214,225,252,258,252,252,112,112,296,296
19,APCL302,0,243,243,254,254,225,225,155,175,96,96,314,342,211,231,241,243,225,225,256,258,252,254,116,116,288,296
19,APCL291,0,243,245,252,254,225,225,167,175,96,113,322,334,209,211,241,243,214,229,252,252,252,252,112,116,290,296
19,APCL301,0,245,249,254,258,225,225,171,175,92,101,326,338,213,231,241,249,214,225,258,258,252,256,116,118,290,298
22,APCL345,0,245,247,254,254,225,231,171,191,101,101,318,326,0,0,243,243,225,229,256,258,252,252,112,116,292,296
22,APCL346,0,243,245,252,254,225,225,171,179,96,96,326,334,211,211,241,243,214,225,252,258,252,254,112,112,290,296
22,APCL358,0,249,249,252,254,225,225,187,187,88,96,334,338,211,213,249,249,214,225,252,258,252,252,112,116,290,311
22,APCL344,0,243,243,254,258,225,231,159,187,96,96,310,326,211,219,241,243,214,225,252,252,252,252,112,116,290,296
22,APCL357,0,243,247,252,254,225,225,155,175,96,105,330,334,209,211,241,241,214,214,258,258,252,252,112,112,290,290
22,APCL353,1,243,243,254,254,225,225,171,183,96,101,0,0,211,213,241,243,214,225,252,252,252,252,112,112,290,296
22,APCL355,0,243,245,254,254,225,225,171,175,96,105,322,330,209,211,241,243,214,220,258,258,252,252,112,112,296,298
22,APCL348,0,245,249,254,254,225,225,171,175,92,101,322,342,209,231,241,241,229,229,258,264,252,254,116,116,288,290
22,APCL361,1,243,253,254,254,225,225,159,183,96,96,326,334,209,219,241,241,214,214,256,258,252,252,116,116,290,294
22,APCL359,0,245,249,254,254,225,225,171,183,96,96,318,330,211,213,241,243,225,229,250,258,252,252,112,112,290,290
22,APCL343,0,243,245,254,254,225,225,163,179,92,96,322,330,209,211,241,249,214,229,252,258,252,252,112,116,0,0
22,APCL356,1,243,245,254,254,225,225,163,187,92,101,322,330,213,213,241,249,214,229,258,258,252,254,116,118,290,296
22,APCL352,1,245,245,254,254,225,225,175,175,96,101,330,330,211,211,241,243,214,220,252,252,252,252,112,116,296,296
22,APCL350,1,243,249,254,258,225,225,175,179,101,101,294,326,211,213,241,249,214,218,258,258,252,252,112,116,290,296
22,APCL347,0,243,249,254,254,225,225,129,179,96,113,302,334,217,231,241,241,214,225,258,258,252,252,112,116,290,294
22,APCL360,0,245,247,254,254,225,225,167,191,96,113,318,322,211,231,243,249,220,229,252,258,252,252,112,116,290,296
22,APCL354,0,243,243,254,254,225,225,171,183,94,101,0,0,211,249,241,249,214,225,258,258,252,252,112,112,0,0
22,APCL349,1,243,243,254,254,225,225,167,195,101,121,322,330,209,213,241,243,225,229,252,258,252,252,112,116,290,319
22,APCL362,1,243,243,254,254,225,225,163,183,92,92,326,334,0,0,249,249,214,229,252,256,252,252,112,116,294,296
22,APCL351,0,245,249,254,254,225,225,163,183,96,96,330,330,0,0,241,249,214,229,258,258,252,254,112,116,288,296
22,APCL374,0,241,243,254,254,225,225,187,195,96,101,330,346,207,213,241,241,225,229,250,250,252,252,112,112,290,296
22,APCL372,1,243,245,254,254,225,225,167,179,96,96,334,342,211,211,243,243,214,214,252,258,252,252,112,112,290,296
22,APCL378,0,243,245,252,254,227,231,167,171,92,113,318,322,211,231,241,241,220,225,252,258,252,254,112,112,296,307
22,APCL373,0,243,243,254,254,225,225,183,183,96,101,326,326,219,219,241,241,214,218,250,250,252,252,112,116,296,296
22,APCL377,0,243,243,254,260,225,225,183,187,96,96,322,330,211,249,249,249,214,225,252,260,252,252,116,116,290,290
22,APCL368,0,243,249,252,252,225,225,183,187,0,0,322,322,211,219,241,243,225,225,258,258,252,252,112,116,296,298
22,APCL370,0,243,243,252,254,225,225,163,175,96,101,330,330,211,215,241,241,225,225,252,258,252,252,112,116,290,290
22,APCL367,1,247,249,254,258,225,225,175,179,92,96,310,342,209,211,241,243,225,225,252,258,252,254,112,116,296,296
22,APCL365,0,243,249,254,254,225,225,159,175,96,105,318,326,231,231,241,243,225,229,0,0,252,252,112,116,290,298
22,APCL375,0,243,243,254,254,225,225,175,195,94,94,306,310,219,225,243,243,225,225,250,258,252,252,112,116,296,319
22,APCL369,0,243,243,254,254,225,225,159,175,96,113,310,322,213,249,241,243,214,229,258,258,252,252,112,116,294,296
22,APCL371,1,243,243,254,254,225,225,175,175,101,105,314,330,205,213,249,249,229,229,252,258,252,252,112,116,298,317
22,APCL376,1,245,249,252,252,225,225,163,167,92,96,290,338,217,231,249,249,214,225,256,256,252,252,112,112,298,300
22,APCL366,0,245,245,252,254,225,225,171,187,96,96,322,330,211,231,241,243,214,229,252,256,252,252,116,116,290,298
24,APCL381,0,243,245,252,254,225,225,175,195,113,113,326,326,209,213,249,249,225,225,258,258,252,252,112,116,288,296
24,APCL384,1,243,243,254,254,225,225,159,175,96,113,326,338,211,231,241,249,220,246,252,256,252,252,112,112,290,294
24,APCL383,0,243,249,254,254,221,225,167,167,101,101,330,334,0,0,241,243,225,225,258,258,252,252,112,116,290,296
24,APCL380,1,243,243,254,254,225,225,159,175,96,96,318,338,213,231,243,243,214,214,252,252,252,252,112,116,290,298
24,APCL379,0,243,243,254,254,225,227,175,183,101,101,318,326,211,231,241,249,225,225,252,258,252,252,112,112,290,296
24,APCL382,0,243,243,252,254,225,225,163,167,96,101,322,330,211,215,243,249,229,229,250,258,252,252,112,112,296,300
24,APCL387,1,243,243,252,254,225,227,187,187,92,101,326,330,231,231,241,249,214,214,252,258,252,254,116,116,290,298
24,APCL397,0,243,245,254,254,225,225,159,195,96,101,318,318,209,211,241,243,214,225,252,264,252,254,112,116,288,290
24,APCL386,1,243,245,254,258,225,225,171,187,101,113,290,318,211,211,241,241,225,229,252,258,252,254,116,116,290,294
24,APCL389,1,243,249,254,254,225,225,171,191,101,113,306,346,209,211,241,243,225,229,252,252,252,252,116,116,290,298
24,APCL398,0,243,243,254,254,225,225,163,171,96,113,322,326,217,219,241,243,214,225,252,256,252,252,112,112,298,298
24,APCL395,0,243,249,254,254,225,225,163,171,92,92,334,350,207,211,241,243,225,229,250,252,252,252,112,116,290,303
24,APCL385,1,243,243,254,254,225,225,171,171,96,96,314,318,211,219,243,249,214,227,256,258,252,252,112,112,290,290
24,APCL396,1,243,245,254,254,225,225,175,183,96,105,322,322,211,213,243,243,216,229,252,288,252,252,112,116,298,300
24,APCL393,1,243,243,254,254,225,225,175,187,96,96,326,346,213,231,241,241,214,246,250,258,252,252,112,116,290,309
24,APCL390,0,243,245,252,260,225,227,171,175,96,101,338,346,211,213,241,241,214,214,258,258,252,254,112,116,290,296
24,APCL388,1,243,245,252,252,225,225,191,191,96,96,338,338,211,249,243,243,225,229,258,260,252,252,116,116,290,296
24,APCL394,0,243,249,254,254,225,225,175,187,101,105,326,346,211,211,241,241,225,225,252,258,252,254,112,116,290,290
24,APCL391,0,243,243,254,254,225,225,175,183,94,101,330,338,213,213,241,249,225,229,252,258,252,252,112,112,296,296
24,APCL392,1,243,245,254,254,225,225,159,171,96,101,302,330,211,231,241,241,210,225,258,258,252,252,112,112,290,296
23,APCL401,1,243,245,254,254,225,225,171,175,105,113,322,334,211,211,241,249,214,216,258,258,252,252,112,112,290,298
23,APCL400,1,243,249,254,256,225,225,175,187,94,101,330,330,211,231,243,249,214,214,258,258,252,252,112,114,290,296
23,APCL399,0,243,243,254,254,225,227,159,171,96,101,322,330,209,231,241,243,214,225,252,256,252,252,112,116,290,309
23,APCL412,1,245,245,254,260,225,225,167,179,92,96,306,338,0,0,241,243,218,225,258,258,252,252,112,116,296,311
23,APCL417,1,243,243,254,260,225,227,163,175,96,101,302,318,211,213,241,243,225,229,252,260,252,252,112,116,290,296
23,APCL411,0,243,243,252,254,225,225,179,195,94,101,326,330,205,211,243,243,214,214,250,262,254,254,112,116,288,298
23,APCL410,0,243,243,254,256,225,225,175,199,92,113,330,338,209,247,241,241,214,229,258,258,252,252,112,116,290,296
23,APCL402,0,243,243,254,254,225,225,175,179,96,96,330,334,209,231,243,243,214,225,256,256,252,252,112,112,296,296
23,APCL408,1,0,0,252,254,225,225,159,163,96,105,318,322,209,209,243,243,214,225,256,258,252,252,112,116,288,298
23,APCL405,0,243,243,254,254,225,225,129,167,92,96,330,338,217,231,243,249,225,229,256,258,252,252,116,116,294,298
23,APCL416,0,243,243,254,254,225,225,175,195,96,101,314,326,201,211,241,249,214,216,256,258,252,252,116,116,294,296
23,APCL406,0,243,243,254,254,225,225,171,175,94,96,318,322,207,211,249,249,214,229,252,264,252,252,112,116,288,296
23,APCL418,0,245,247,252,258,225,225,163,175,96,101,310,318,211,219,243,249,216,225,250,258,252,252,112,116,288,290
23,APCL404,1,243,245,258,258,225,225,175,187,96,101,294,330,213,231,241,241,214,229,258,258,252,254,112,112,294,298
23,APCL403,0,243,249,0,0,225,225,183,187,92,94,318,338,211,215,241,243,225,229,258,260,252,252,116,118,296,307
23,APCL414,0,243,245,252,254,225,225,171,171,88,96,314,326,211,219,241,241,214,225,252,288,252,252,116,116,296,298
23,APCL413,0,243,243,254,254,225,225,167,175,96,96,306,314,211,213,243,249,225,229,250,256,252,252,112,116,300,305
23,APCL407,0,243,245,254,254,225,225,171,187,101,105,326,342,213,231,241,243,225,229,252,258,252,252,112,112,290,294
23,APCL409,1,243,245,254,254,225,225,163,171,96,96,330,334,209,231,241,243,222,225,252,258,252,252,112,116,290,294
27,APCL426,0,243,249,254,254,225,225,187,195,92,105,314,318,209,213,241,249,214,214,252,252,252,252,116,116,290,290
27,APCL427,0,245,249,252,258,225,225,167,175,92,96,322,330,211,213,241,243,214,225,252,264,252,252,112,114,296,298
27,APCL423,0,243,243,254,254,225,225,167,171,96,101,314,322,201,219,241,243,214,229,250,252,252,252,112,116,296,307
27,APCL419,0,243,249,254,258,225,225,171,183,96,101,326,326,207,217,241,241,214,225,252,258,252,252,112,112,290,290
27,APCL425,0,243,243,254,254,225,225,167,175,92,101,342,342,211,213,241,241,214,229,258,258,252,252,112,116,288,300
27,APCL424,0,243,245,258,258,225,225,167,167,92,96,318,326,209,211,241,241,216,229,252,256,252,252,112,116,296,300
27,APCL429,0,243,243,254,254,225,225,163,171,92,96,322,326,211,219,241,241,214,216,252,258,252,254,116,116,290,298
27,APCL422,0,243,243,252,256,225,225,163,175,96,96,330,338,211,247,241,241,216,229,252,258,252,252,112,116,296,298
27,APCL420,0,243,245,254,258,225,225,129,187,96,101,330,338,211,219,241,243,214,225,256,256,252,252,116,116,292,296
27,APCL421,0,243,245,252,254,225,225,163,167,96,101,306,318,219,231,241,243,214,225,0,0,252,252,112,114,292,319
27,APCL428,0,243,249,0,0,225,225,167,183,96,101,326,326,213,221,241,249,225,229,252,258,254,254,116,116,290,292
27,APCL432,0,243,249,254,254,225,225,159,171,96,101,334,338,207,219,241,249,214,225,252,262,252,254,112,112,294,298
27,APCL435,1,243,243,254,254,225,225,159,183,96,101,334,334,223,231,241,243,225,225,252,260,252,252,112,116,296,296
27,APCL431,1,243,245,254,258,225,225,187,195,96,96,326,326,211,217,241,241,214,229,252,258,252,252,112,112,290,290
27,APCL430,1,243,243,254,254,225,225,159,183,96,96,326,326,211,217,241,249,225,229,258,258,252,252,112,118,290,294
27,APCL433,1,243,243,252,254,225,225,167,195,92,96,322,334,211,211,243,249,210,214,256,290,252,252,116,116,290,290
27,APCL434,1,243,245,254,254,225,225,151,175,96,113,298,326,217,217,241,241,218,225,252,258,252,252,112,116,290,296
27,APCL438,0,243,243,252,252,225,225,171,171,94,101,0,0,0,0,241,243,225,225,252,258,252,252,0,0,290,290
27,APCL437,1,243,245,254,254,225,225,179,183,101,113,326,326,211,219,241,241,214,225,258,258,252,252,112,112,290,296
27,APCL436,0,241,243,252,254,225,227,159,183,92,96,310,338,209,211,249,249,214,225,256,258,252,252,116,116,290,290
25,APCL460,0,243,243,254,260,225,225,175,179,92,101,310,330,219,231,241,243,225,225,252,258,252,252,112,116,296,298
25,APCL459,0,243,245,252,254,225,225,175,195,101,101,318,342,231,231,241,243,225,225,258,258,252,254,112,118,290,296
25,APCL451,0,243,245,252,252,225,225,167,171,101,101,306,318,219,231,241,241,214,214,252,258,254,254,112,112,296,298
25,APCL463,1,243,243,254,260,225,225,171,195,94,101,338,342,211,249,243,249,222,225,258,258,252,252,112,116,290,292
25,APCL445,1,243,243,252,260,225,225,159,171,96,101,290,334,209,211,241,249,225,225,256,258,252,252,112,112,290,290
25,APCL446,0,243,249,254,254,225,225,171,179,96,96,314,338,211,213,243,243,214,214,252,258,252,252,112,112,294,296
25,APCL455,0,243,245,252,254,225,225,171,179,94,96,326,326,0,0,241,243,225,229,252,260,252,252,116,116,288,294
25,APCL458,0,243,243,254,258,225,231,175,175,96,113,310,322,209,209,241,243,214,214,252,252,252,252,112,112,290,296
25,APCL457,1,243,245,254,260,225,225,167,171,96,101,334,334,211,211,241,249,214,225,0,0,252,252,116,116,290,294
25,APCL454,1,245,245,254,254,225,225,175,199,96,101,310,334,213,247,241,241,214,216,250,262,252,252,112,116,290,290
25,APCL449,1,243,243,254,258,225,225,159,171,113,113,314,334,211,231,241,249,216,225,250,252,252,252,112,116,292,294
25,APCL462,1,245,247,252,258,225,225,159,167,0,0,330,338,209,211,241,241,214,225,250,258,252,252,112,116,298,311
25,APCL448,1,243,245,254,254,225,225,175,183,96,105,326,338,211,217,241,243,225,225,258,258,252,252,112,112,290,294
25,APCL464,1,243,243,252,252,225,225,171,187,94,94,334,334,213,219,241,243,214,225,256,258,252,252,112,112,290,290
25,APCL453,0,243,247,254,254,225,225,179,179,94,101,338,346,209,217,241,241,225,225,252,258,252,252,116,116,290,298
25,APCL450,1,243,245,254,256,225,225,179,195,92,92,326,326,213,217,241,241,214,225,256,258,252,252,116,116,290,290
25,APCL452,0,243,245,254,254,225,225,175,183,94,101,318,322,211,219,243,243,214,225,252,262,252,252,112,116,296,296
25,APCL461,0,0,0,254,254,225,225,171,171,94,96,314,322,209,219,241,243,214,218,256,260,252,252,112,116,290,296
25,APCL456,0,245,247,254,260,225,225,175,183,94,101,322,334,213,221,241,241,214,229,256,258,252,252,112,116,294,298
25,APCL447,0,243,243,252,258,225,225,129,187,92,105,314,318,211,211,241,243,214,214,252,256,252,254,112,116,296,298
14,APCL475,0,243,245,254,254,225,225,171,175,96,105,322,330,211,249,241,243,214,229,252,258,252,252,112,116,296,298
14,APCL471,1,243,243,254,254,225,225,171,171,88,92,322,334,215,217,243,249,214,225,250,256,252,252,112,112,290,296
14,APCL474,1,245,249,254,254,225,225,159,171,92,113,326,342,209,211,249,249,214,225,0,0,252,252,112,112,296,296
14,APCL470,1,243,245,254,254,225,225,163,183,94,113,318,330,213,215,241,243,225,225,252,258,252,252,112,112,296,298
14,APCL467,1,243,243,254,254,225,225,175,195,92,96,322,334,221,231,241,241,214,225,252,252,252,252,112,116,288,298
14,APCL473,1,243,245,254,254,225,225,167,179,88,101,326,330,211,213,243,249,225,227,252,258,252,252,114,118,290,298
14,APCL472,1,243,245,254,260,225,225,175,175,92,101,314,326,211,231,241,241,214,225,258,260,252,252,112,116,290,298
14,APCL468,1,243,243,254,258,225,225,175,179,92,96,326,342,211,217,0,0,225,225,252,258,252,252,112,116,290,296
14,APCL469,1,243,249,254,254,225,225,163,167,94,96,322,326,217,231,243,243,222,225,0,0,252,252,112,116,296,296
14,APCL481,1,245,249,254,254,225,225,163,179,96,101,314,314,211,249,243,249,214,214,252,252,252,252,112,116,290,290
14,APCL477,1,245,245,254,254,225,225,171,195,101,105,310,330,213,215,241,243,214,229,252,258,252,252,112,116,292,296
14,APCL482,1,249,249,254,254,225,225,171,175,92,96,306,326,211,247,241,243,214,229,252,256,252,252,112,116,290,311
14,APCL483,1,243,247,254,260,225,225,179,183,96,101,302,322,209,217,241,249,214,214,252,256,252,252,112,116,290,290
14,APCL476,1,243,243,254,254,225,231,163,167,96,101,314,346,211,215,0,0,214,229,258,258,252,254,112,114,290,290
14,APCL478,1,243,249,252,254,225,225,171,195,96,113,330,338,205,215,241,243,214,246,250,258,252,256,116,116,290,296
14,APCL479,0,243,249,254,254,225,225,167,179,92,96,314,330,211,219,243,249,214,214,252,258,252,252,112,112,288,290
14,APCL480,0,249,249,254,254,225,225,167,171,92,94,322,334,209,211,241,241,214,225,258,258,252,254,112,116,292,294
14,APCL486,1,249,249,254,256,225,231,167,171,92,113,322,326,211,211,241,241,214,214,252,258,252,252,112,112,290,296
14,APCL484,1,243,249,254,260,225,225,129,175,96,105,330,338,213,217,241,241,225,225,252,258,252,252,116,116,290,296
14,APCL485,0,243,243,254,258,225,225,167,175,94,101,322,334,211,231,243,249,227,229,256,258,252,252,112,116,294,296
14,APCL487,1,243,247,254,254,225,225,179,195,96,101,314,338,209,249,241,243,214,225,252,256,254,256,112,114,290,300
15,APCL498,0,243,243,252,258,225,225,171,179,92,96,326,330,0,0,241,243,214,216,258,262,252,252,112,116,290,292
15,APCL504,1,243,245,254,256,225,227,159,171,92,113,302,326,217,231,241,241,214,225,252,258,252,252,116,116,290,296
15,APCL501,0,245,247,254,254,225,225,159,175,92,101,326,326,211,231,243,243,229,229,256,262,252,254,116,116,290,290
15,APCL499,1,243,245,254,256,225,225,167,171,96,96,322,326,211,231,249,249,214,216,258,262,252,252,112,116,290,296
15,APCL494,1,243,247,254,256,225,225,171,171,96,101,342,350,209,221,241,243,214,229,252,258,252,252,112,112,290,309
15,APCL495,0,243,243,252,254,225,225,171,171,96,105,338,338,207,213,243,243,214,216,252,258,252,252,112,114,296,296
15,APCL492,0,245,249,254,254,225,225,167,179,92,96,322,326,211,219,243,249,214,214,252,264,252,252,112,112,296,296
15,APCL497,0,243,245,254,254,225,225,155,183,96,96,318,346,219,221,241,243,214,214,252,252,252,252,112,112,290,298
15,APCL502,1,243,243,252,254,225,225,167,183,92,92,326,338,209,219,249,249,214,225,258,258,252,254,112,112,296,296
15,APCL503,0,243,245,254,254,225,225,175,191,92,96,326,330,211,211,241,243,214,214,254,258,252,252,112,112,290,290
15,APCL500,0,245,245,254,256,225,225,167,191,96,105,334,338,211,213,249,249,229,229,252,256,252,252,112,116,290,298
15,APCL489,0,243,249,254,254,225,231,167,175,96,113,322,326,211,249,241,243,214,214,258,258,252,254,112,116,290,296
15,APCL493,1,243,245,254,258,225,225,159,195,92,96,326,330,209,213,241,241,214,229,252,258,252,252,116,116,290,290
15,APCL491,0,243,245,252,254,225,225,191,195,96,101,314,338,211,217,241,241,214,225,252,256,252,254,116,116,290,294
15,APCL496,0,0,0,252,252,225,225,171,175,96,113,322,338,209,211,241,241,216,225,252,256,252,252,116,116,294,296
15,APCL488,0,243,249,254,258,225,225,151,171,92,101,326,334,211,217,241,243,214,229,250,258,252,254,112,112,290,294
15,APCL490,0,243,245,254,258,225,225,175,191,92,92,314,318,211,217,241,249,214,240,258,258,252,254,116,118,290,298
15,APCL508,0,243,243,254,254,225,225,171,171,96,105,314,318,209,221,241,243,214,225,258,258,252,252,112,112,296,296
15,APCL507,1,243,245,252,254,225,225,163,167,96,101,326,342,0,0,241,241,214,225,258,258,252,252,112,112,288,290
15,APCL509,1,243,245,254,254,225,225,163,183,92,101,330,346,211,213,241,249,225,225,252,256,252,252,112,116,296,298
15,APCL506,1,243,249,254,254,225,225,171,195,92,96,322,330,209,231,243,243,220,246,258,258,252,252,112,112,290,294
17,APCL513,0,245,247,252,256,225,225,171,175,92,96,330,330,211,231,241,249,229,229,250,256,252,252,112,116,288,294
17,APCL512,0,243,245,252,254,225,225,175,187,101,105,326,342,213,231,249,249,225,229,252,258,252,254,112,116,290,319
17,APCL514,1,243,243,254,254,225,225,171,175,94,96,334,334,213,219,243,249,214,225,256,258,252,252,112,112,296,296
17,APCL525,0,243,245,254,256,225,225,163,175,92,92,314,330,209,213,241,241,216,225,252,258,252,252,116,116,290,298
17,APCL515,0,243,245,254,254,225,225,129,179,92,96,330,334,207,223,241,249,214,225,252,258,252,252,112,114,290,296
17,APCL524,1,243,249,254,254,225,227,175,175,92,96,310,322,213,231,241,249,214,214,258,262,252,252,112,112,296,311
17,APCL517,0,243,247,258,258,225,225,163,171,96,96,318,346,207,231,241,249,214,214,252,258,252,252,112,116,290,296
17,APCL519,0,243,245,254,258,225,225,167,187,92,96,326,330,209,215,243,249,214,225,258,258,252,252,112,116,290,294
17,APCL516,1,245,245,252,254,225,225,171,179,105,113,322,326,219,231,241,243,214,214,252,256,252,252,112,114,296,298
17,APCL520,1,243,243,254,254,225,225,175,175,88,96,334,338,217,219,241,243,214,214,258,258,252,254,112,116,296,296
17,APCL521,1,245,245,254,260,225,225,171,179,92,96,330,330,209,249,241,243,214,225,0,0,252,252,116,116,288,290
17,APCL522,0,243,245,254,254,225,225,167,187,92,94,314,314,209,211,241,243,214,214,252,256,252,252,112,112,290,319
17,APCL511,0,243,245,254,254,225,225,163,171,96,105,322,330,211,231,243,249,220,229,0,0,252,254,112,114,290,290
17,APCL528,0,243,245,254,254,225,225,163,175,92,96,330,338,211,211,241,243,220,225,252,288,252,252,112,112,290,290
17,APCL529,0,243,245,254,258,225,225,183,187,92,96,330,346,211,231,241,241,225,225,252,258,252,252,116,116,0,0
17,APCL526,0,243,243,254,254,225,231,171,175,101,101,310,322,205,231,243,249,214,229,258,258,252,252,112,116,296,298
17,APCL527,0,243,245,254,254,225,225,171,183,92,113,326,338,201,231,241,241,225,225,256,258,252,252,112,116,290,305
17,APCL523,1,243,245,254,254,225,225,167,195,96,96,306,326,211,211,243,249,214,240,256,258,252,252,112,116,290,290
17,APCL518,0,243,243,254,258,225,225,167,179,94,105,318,334,231,231,243,249,218,225,256,262,252,252,112,116,296,296
17,APCL531,0,243,243,254,254,225,227,171,183,92,105,330,346,211,249,241,243,214,214,258,260,252,252,116,118,296,298
16,APCL539,0,243,249,258,260,225,225,155,171,96,101,302,338,217,219,243,249,225,225,250,258,252,254,116,116,292,296
16,APCL538,0,245,245,254,254,225,231,163,171,96,96,322,334,209,217,243,243,225,225,258,258,252,252,112,116,296,311
16,APCL533,1,243,249,254,254,225,225,175,175,113,113,318,322,211,219,243,249,214,225,252,256,252,252,112,116,290,290
16,APCL534,0,243,245,252,252,225,225,167,179,96,101,330,338,211,213,241,243,214,225,252,264,252,252,116,116,290,296
16,APCL535,0,243,249,252,252,225,225,167,167,101,105,322,330,207,213,241,241,214,225,258,258,252,252,116,118,296,309
16,APCL532,0,243,245,254,254,225,225,175,183,88,92,318,326,211,211,243,249,214,229,258,258,252,252,112,116,288,290
16,APCL537,1,245,245,254,260,225,225,191,199,94,113,326,338,211,215,241,241,225,225,258,258,252,252,112,116,290,292
16,APCL542,1,243,243,254,254,225,225,175,183,92,96,314,330,209,209,241,249,225,229,258,258,252,252,116,116,290,298
16,APCL543,1,243,245,254,260,225,225,163,179,96,96,310,334,211,231,243,249,225,229,252,258,252,252,112,116,290,290
16,APCL540,1,243,245,254,254,225,225,163,171,96,96,310,326,211,219,241,249,214,225,252,258,252,252,112,112,298,300
16,APCL541,1,243,243,254,254,225,227,179,183,92,92,314,326,209,211,243,249,225,229,258,258,252,252,112,116,296,296
16,APCL544,0,243,243,252,254,221,225,171,175,92,96,326,334,209,219,241,243,214,225,258,258,252,252,116,116,290,290
16,APCL536,0,243,245,254,258,225,225,155,171,96,96,310,330,211,217,241,241,214,220,0,0,252,252,112,112,290,290
16,APCL551,1,245,249,254,254,225,227,171,179,101,105,314,334,207,213,241,249,214,214,258,288,252,254,116,116,290,296
16,APCL552,1,243,243,254,254,225,225,171,195,96,105,326,338,211,211,241,241,227,229,252,252,252,252,112,112,292,296
16,APCL546,0,243,243,254,254,225,225,129,167,88,101,318,326,219,231,241,243,214,225,252,256,252,252,112,116,296,313
16,APCL547,0,243,249,252,260,225,225,163,175,96,96,318,326,211,211,241,249,216,229,252,258,252,252,112,118,290,296
16,APCL549,0,243,249,254,258,225,225,167,175,101,113,318,342,211,217,241,241,225,229,252,258,252,252,112,112,290,290
16,APCL545,1,243,247,254,254,0,0,167,191,92,101,314,322,209,211,241,243,214,225,258,258,252,252,112,114,290,292
16,APCL550,1,243,245,256,256,225,225,175,187,96,96,318,318,209,215,241,241,214,229,252,256,252,252,112,112,288,296
