13,378,4,115,103,106,54
Aclarkii sizeclasses,,,1,2,3,4
Sample no.,Pop,AC1359,,AC1578,,AC915,,ACH_B6,,ACH_C1,,ACH_D1,,APR_Cf29,,APR_Cf8,,APY_45,,APY_65,,NNG_004,,NNG_012,,NNG_028,,,Lat,Long
APCL50,1,243,245,254,254,225,225,175,183,88,96,322,326,211,217,241,243,214,220,252,256,252,252,112,116,296,296,,9.414452096,123.3125831
APCL55,1,245,245,254,254,225,225,163,191,101,113,306,330,213,249,241,243,214,225,258,262,252,254,112,112,290,290,,9.414363813,123.3127622
APCL49,1,243,243,254,258,225,225,171,179,94,101,318,326,209,231,243,249,225,229,252,258,252,252,116,116,290,296,,9.414452096,123.3125831
APCL69,1,0,0,254,254,225,225,163,175,94,96,326,334,211,219,241,243,229,229,258,258,252,252,116,116,290,292,,9.413822615,123.3140877
APCL60,1,243,253,252,254,225,225,175,191,96,96,330,330,211,213,241,249,214,244,252,256,252,252,112,116,290,294,,9.414151164,123.3137128
APCL92,1,243,243,254,258,225,225,171,171,105,113,314,338,211,225,241,243,214,220,252,258,252,252,112,116,290,296,,9.899682754,123.6086295
APCL96,1,243,245,254,254,225,225,159,179,96,113,318,334,211,215,241,241,214,214,252,252,252,252,112,112,290,296,,9.900672405,123.6080943
APCL104,1,243,249,252,254,225,225,179,183,96,96,326,342,213,217,241,241,214,225,252,258,252,252,112,116,290,296,,9.869628267,123.5980255
APCL100,1,243,243,254,254,225,225,175,187,96,96,326,330,207,231,241,243,214,214,256,258,252,252,116,116,290,311,,9.87059644,123.6018888
APCL108,1,245,245,252,254,225,225,167,191,96,105,322,326,213,231,241,249,225,229,252,252,252,252,116,116,290,298,,9.869167769,123.5968019
APCL105,1,243,243,254,254,225,225,163,175,92,96,322,326,211,231,241,243,214,225,252,256,252,252,112,116,296,298,,9.869628267,123.5980255
APCL103,1,243,245,254,254,225,225,175,179,92,96,326,326,211,211,241,249,214,246,258,264,252,252,116,116,290,290,,9.869628267,123.5980255
APCL106,1,249,253,252,254,225,225,155,175,92,96,314,346,211,211,241,243,214,225,258,258,252,254,112,116,290,296,,9.869628267,123.5980255
APCL107,1,243,245,254,258,225,225,167,175,96,101,330,342,221,231,241,241,214,225,0,0,252,252,112,116,296,296,,9.869392077,123.5973837
APCL126,1,243,245,254,254,225,227,171,175,94,101,310,322,217,249,241,241,214,214,252,258,252,254,112,116,296,296,,9.635981626,123.4850874
APCL135,1,243,245,254,254,225,225,175,175,92,96,322,326,211,219,241,243,214,216,0,0,252,252,112,112,290,290,,9.636081036,123.4850745
APCL128,1,245,253,254,254,225,225,163,167,105,105,334,334,211,231,241,243,214,214,252,256,252,252,116,118,290,294,,9.635942923,123.4850802
APCL140,1,243,243,256,260,225,225,179,183,92,96,302,306,213,217,241,241,214,214,252,260,252,252,112,116,294,296,,9.636371825,123.4852872
APCL134,1,245,249,254,254,225,225,171,195,92,96,342,342,209,211,241,241,214,225,252,258,252,254,112,112,294,296,,9.636081036,123.4850745
APCL136,1,243,245,254,254,225,225,183,195,92,105,330,330,211,219,243,249,216,229,252,258,252,252,112,112,290,294,,9.636081036,123.4850745
APCL142,1,243,247,252,254,225,225,179,183,101,101,318,326,211,219,243,249,214,214,256,258,252,252,112,116,290,296,,9.636718899,123.4854225
APCL162,1,243,245,254,254,225,225,171,183,94,96,294,330,0,0,241,243,214,229,0,0,252,252,116,118,290,290,,10.22717813,123.8195234
APCL163,1,243,243,254,256,225,225,163,163,96,113,306,346,207,213,241,243,225,229,258,258,252,254,112,116,290,298,,10.2274436,123.8199316
APCL165,1,243,243,254,254,225,227,187,187,96,96,314,326,217,231,241,249,214,225,252,252,252,252,112,118,290,294,,10.227555,123.8199217
APCL177,1,243,245,254,254,225,225,171,187,92,96,330,334,211,249,241,249,225,225,256,262,252,252,112,112,290,296,,10.22248116,123.7825489
APCL192,1,243,249,252,254,225,225,171,179,101,101,314,334,209,219,241,249,214,225,252,258,252,252,116,118,290,290,,10.22508922,123.8047895
APCL195,1,0,0,254,254,225,225,175,183,113,113,314,334,211,215,249,249,214,218,0,0,252,252,112,114,294,296,,10.2252326,123.8046048
APCL201,1,243,243,258,258,225,225,167,175,101,105,310,330,211,217,241,241,214,229,252,258,252,252,112,116,294,296,,10.05841949,123.6385534
APCL203,1,243,245,254,258,225,225,171,187,94,96,318,330,211,219,243,249,214,240,256,258,252,252,112,112,296,296,,10.05837861,123.6385757
APCL208,1,243,245,252,254,225,227,159,179,92,94,330,342,209,211,241,243,214,225,258,258,252,252,112,112,296,298,,10.05913155,123.6385915
APCL222,1,0,0,254,258,225,231,175,187,96,101,318,326,211,231,243,243,214,225,252,258,252,252,116,116,290,290,,10.07602364,123.6593172
APCL242,1,243,243,252,254,225,225,171,179,92,96,306,322,213,231,243,243,218,225,252,256,252,252,112,116,290,290,,10.55565574,124.0406176
APCL240,1,243,245,254,254,225,225,171,171,101,105,326,326,211,213,241,243,229,229,250,258,252,254,116,116,294,298,,10.55565574,124.0406176
APCL244,1,243,245,254,258,225,225,159,195,96,105,302,326,231,249,243,249,214,214,256,258,254,254,112,112,296,296,,10.55706798,124.0408723
APCL241,1,245,247,252,254,225,225,179,183,92,113,322,338,211,211,241,249,214,214,258,258,252,252,112,112,290,290,,10.55565574,124.0406176
APCL252,1,249,249,254,254,225,227,171,171,92,96,314,322,213,221,241,243,225,225,258,258,252,254,116,116,294,296,,10.55978581,124.0405327
APCL247,1,243,245,252,254,225,225,179,195,92,101,314,322,211,231,241,249,225,225,258,258,252,254,112,116,296,296,,10.55825498,124.0405153
APCL256,1,243,243,254,260,225,225,183,187,101,113,330,338,211,249,241,241,214,229,258,262,252,252,112,112,290,296,,10.5624569,124.0404172
APCL266,1,243,247,254,254,225,225,175,183,92,113,314,326,211,213,241,241,214,214,252,256,252,252,112,116,290,296,,10.17317677,124.7494457
APCL273,1,243,245,254,260,225,225,159,163,92,94,318,338,211,217,241,241,225,225,258,258,252,252,116,116,290,290,,10.17317591,124.7496487
APCL264,1,243,243,254,254,225,225,0,0,92,96,326,334,211,211,241,241,214,225,252,252,252,252,112,116,290,296,,10.17317677,124.7494457
APCL281,1,245,249,254,254,225,225,175,179,96,113,322,346,209,213,243,249,225,225,252,256,252,252,112,116,290,298,,10.17248424,124.7510484
APCL284,1,243,245,254,254,225,225,167,195,92,113,330,338,211,213,241,241,214,214,258,264,252,252,112,112,290,296,,10.1724895,124.7510914
APCL294,1,243,243,252,256,225,225,175,183,96,101,314,326,213,231,241,241,210,214,252,252,252,252,112,112,296,296,,10.00732764,125.0293198
APCL287,1,245,245,254,254,225,225,179,187,96,105,334,338,219,231,241,243,214,214,252,256,254,254,112,116,290,296,,10.00742422,125.0293438
APCL295,1,243,245,254,254,225,225,167,175,96,96,318,322,211,213,241,243,214,214,256,258,252,252,112,116,290,294,,10.00725174,125.0293403
APCL304,1,245,253,254,254,225,225,167,171,94,96,322,334,221,231,249,249,214,229,258,298,252,254,112,112,296,311,,10.00757321,125.0293927
APCL292,1,243,243,254,254,225,225,175,179,94,96,326,334,211,231,241,249,225,229,258,262,252,252,112,116,290,294,,10.00743143,125.0293255
APCL303,1,243,245,254,254,225,225,175,179,92,96,322,342,211,219,249,249,214,225,252,258,252,252,112,112,296,296,,10.0075762,125.0293051
APCL316,1,245,245,254,254,225,225,167,187,96,113,330,334,213,213,241,241,214,225,252,258,252,254,112,112,290,298,,9.962228977,125.223711
APCL315,1,243,245,254,254,225,227,163,175,96,101,326,350,209,213,241,243,214,229,252,256,252,252,116,116,288,296,,9.962228977,125.223711
APCL318,1,243,245,252,254,225,225,163,183,92,113,326,330,211,249,249,249,225,225,256,258,252,252,112,116,290,290,,9.962226944,125.2236916
APCL314,1,245,245,254,254,225,225,171,179,96,96,326,330,211,211,241,241,214,214,252,258,252,252,114,116,294,311,,9.962228977,125.223711
APCL356,1,243,245,254,254,225,225,163,187,92,101,322,330,213,213,241,249,214,229,258,258,252,254,116,118,290,296,,10.54022685,124.6380203
APCL352,1,245,245,254,254,225,225,175,175,96,101,330,330,211,211,241,243,214,220,252,252,252,252,112,116,296,296,,10.54035264,124.6378333
APCL349,1,243,243,254,254,225,225,167,195,101,121,322,330,209,213,241,243,225,229,252,258,252,252,112,116,290,319,,10.5403661,124.6378422
APCL362,1,243,243,254,254,225,225,163,183,92,92,326,334,0,0,249,249,214,229,252,256,252,252,112,116,294,296,,10.53874849,124.6403327
APCL372,1,243,245,254,254,225,225,167,179,96,96,334,342,211,211,243,243,214,214,252,258,252,252,112,112,290,296,,10.53085282,124.7521499
APCL376,1,245,249,252,252,225,225,163,167,92,96,290,338,217,231,249,249,214,225,256,256,252,252,112,112,298,300,,10.53323044,124.752947
APCL384,1,243,243,254,254,225,225,159,175,96,113,326,338,211,231,241,249,220,246,252,256,252,252,112,112,290,294,,10.85598356,124.7263675
APCL387,1,243,243,252,254,225,227,187,187,92,101,326,330,231,231,241,249,214,214,252,258,252,254,116,116,290,298,,10.87362964,124.7117
APCL386,1,243,245,254,258,225,225,171,187,101,113,290,318,211,211,241,241,225,229,252,258,252,254,116,116,290,294,,10.87282748,124.7117044
APCL389,1,243,249,254,254,225,225,171,191,101,113,306,346,209,211,241,243,225,229,252,252,252,252,116,116,290,298,,10.87352927,124.7121423
APCL396,1,243,245,254,254,225,225,175,183,96,105,322,322,211,213,243,243,216,229,252,288,252,252,112,116,298,300,,10.87291509,124.7121188
APCL393,1,243,243,254,254,225,225,175,187,96,96,326,346,213,231,241,241,214,246,250,258,252,252,112,116,290,309,,10.8731266,124.7121533
APCL392,1,243,245,254,254,225,225,159,171,96,101,302,330,211,231,241,241,210,225,258,258,252,252,112,112,290,296,,10.87327855,124.7121438
APCL401,1,243,245,254,254,225,225,171,175,105,113,322,334,211,211,241,249,214,216,258,258,252,252,112,112,290,298,,10.6417637,124.7778811
APCL400,1,243,249,254,256,225,225,175,187,94,101,330,330,211,231,243,249,214,214,258,258,252,252,112,114,290,296,,10.6416404,124.7781182
APCL412,1,245,245,254,260,225,225,167,179,92,96,306,338,0,0,241,243,218,225,258,258,252,252,112,116,296,311,,10.74388327,124.7863005
APCL417,1,243,243,254,260,225,227,163,175,96,101,302,318,211,213,241,243,225,229,252,260,252,252,112,116,290,296,,10.74463186,124.786136
APCL404,1,243,245,258,258,225,225,175,187,96,101,294,330,213,231,241,241,214,229,258,258,252,254,112,112,294,298,,10.74363722,124.7864826
APCL409,1,243,245,254,254,225,225,163,171,96,96,330,334,209,231,241,243,222,225,252,258,252,252,112,116,290,294,,10.74374581,124.7864271
APCL435,1,243,243,254,254,225,225,159,183,96,101,334,334,223,231,241,243,225,225,252,260,252,252,112,116,296,296,,11.04294009,124.3673823
APCL431,1,243,245,254,258,225,225,187,195,96,96,326,326,211,217,241,241,214,229,252,258,252,252,112,112,290,290,,11.04293726,124.3673664
APCL430,1,243,243,254,254,225,225,159,183,96,96,326,326,211,217,241,249,225,229,258,258,252,252,112,118,290,294,,11.0428737,124.3673151
APCL463,1,243,243,254,260,225,225,171,195,94,101,338,342,211,249,243,249,222,225,258,258,252,252,112,116,290,292,,10.95525266,124.6493755
APCL445,1,243,243,252,260,225,225,159,171,96,101,290,334,209,211,241,249,225,225,256,258,252,252,112,112,290,290,,10.9552851,124.6494013
APCL457,1,243,245,254,260,225,225,167,171,96,101,334,334,211,211,241,249,214,225,0,0,252,252,116,116,290,294,,10.95562964,124.6488645
APCL454,1,245,245,254,254,225,225,175,199,96,101,310,334,213,247,241,241,214,216,250,262,252,252,112,116,290,290,,10.95555349,124.6489844
APCL449,1,243,243,254,258,225,225,159,171,113,113,314,334,211,231,241,249,216,225,250,252,252,252,112,116,292,294,,10.95530362,124.6493289
APCL462,1,245,247,252,258,225,225,159,167,0,0,330,338,209,211,241,241,214,225,250,258,252,252,112,116,298,311,,10.95525266,124.6493755
APCL448,1,243,245,254,254,225,225,175,183,96,105,326,338,211,217,241,243,225,225,258,258,252,252,112,112,290,294,,10.95530846,124.6493743
APCL464,1,243,243,252,252,225,225,171,187,94,94,334,334,213,219,241,243,214,225,256,258,252,252,112,112,290,290,,10.95525266,124.6493755
APCL450,1,243,245,254,256,225,225,179,195,92,92,326,326,213,217,241,241,214,225,256,258,252,252,116,116,290,290,,10.95530362,124.6493289
APCL471,1,243,243,254,254,225,225,171,171,88,92,322,334,215,217,243,249,214,225,250,256,252,252,112,112,290,296,,10.76273732,124.0093521
APCL474,1,245,249,254,254,225,225,159,171,92,113,326,342,209,211,249,249,214,225,0,0,252,252,112,112,296,296,,10.76170869,124.0086561
APCL470,1,243,245,254,254,225,225,163,183,94,113,318,330,213,215,241,243,225,225,252,258,252,252,112,112,296,298,,10.76316293,124.0093243
APCL467,1,243,243,254,254,225,225,175,195,92,96,322,334,221,231,241,241,214,225,252,252,252,252,112,116,288,298,,10.76505734,124.010425
APCL473,1,243,245,254,254,225,225,167,179,88,101,326,330,211,213,243,249,225,227,252,258,252,252,114,118,290,298,,10.76192008,124.0088574
APCL472,1,243,245,254,260,225,225,175,175,92,101,314,326,211,231,241,241,214,225,258,260,252,252,112,116,290,298,,10.76273732,124.0093521
APCL468,1,243,243,254,258,225,225,175,179,92,96,326,342,211,217,0,0,225,225,252,258,252,252,112,116,290,296,,10.76316293,124.0093243
APCL469,1,243,249,254,254,225,225,163,167,94,96,322,326,217,231,243,243,222,225,0,0,252,252,112,116,296,296,,10.76316293,124.0093243
APCL477,1,245,245,254,254,225,225,171,195,101,105,310,330,213,215,241,243,214,229,252,258,252,252,112,116,292,296,,10.74241214,124.0108759
APCL482,1,249,249,254,254,225,225,171,175,92,96,306,326,211,247,241,243,214,229,252,256,252,252,112,116,290,311,,10.74014867,124.0118398
APCL483,1,243,247,254,260,225,225,179,183,96,101,302,322,209,217,241,249,214,214,252,256,252,252,112,116,290,290,,10.74014867,124.0118398
APCL476,1,243,243,254,254,225,231,163,167,96,101,314,346,211,215,0,0,214,229,258,258,252,254,112,114,290,290,,10.7430305,124.0104489
APCL478,1,243,249,252,254,225,225,171,195,96,113,330,338,205,215,241,243,214,246,250,258,252,256,116,116,290,296,,10.74212494,124.0111493
APCL484,1,243,249,254,260,225,225,129,175,96,105,330,338,213,217,241,241,225,225,252,258,252,252,116,116,290,296,,10.78076683,124.029668
APCL487,1,243,247,254,254,225,225,179,195,96,101,314,338,209,249,241,243,214,225,252,256,254,256,112,114,290,300,,10.76825978,124.0137862
APCL494,1,243,247,254,256,225,225,171,171,96,101,342,350,209,221,241,243,214,229,252,258,252,252,112,112,290,309,,10.92501375,124.0338242
APCL507,1,243,245,252,254,225,225,163,167,96,101,326,342,0,0,241,241,214,225,258,258,252,252,112,112,288,290,,10.89493066,124.0514552
APCL509,1,243,245,254,254,225,225,163,183,92,101,330,346,211,213,241,249,225,225,252,256,252,252,112,116,296,298,,10.89447514,124.051653
APCL524,1,243,249,254,254,225,227,175,175,92,96,310,322,213,231,241,249,214,214,258,262,252,252,112,112,296,311,,11.34789782,124.1052194
APCL516,1,245,245,252,254,225,225,171,179,105,113,322,326,219,231,241,243,214,214,252,256,252,252,112,114,296,298,,11.34769687,124.1050819
APCL520,1,243,243,254,254,225,225,175,175,88,96,334,338,217,219,241,243,214,214,258,258,252,254,112,116,296,296,,11.34779414,124.1053006
APCL523,1,243,245,254,254,225,225,167,195,96,96,306,326,211,211,243,249,214,240,256,258,252,252,112,116,290,290,,11.34789782,124.1052194
APCL537,1,245,245,254,260,225,225,191,199,94,113,326,338,211,215,241,241,225,225,258,258,252,252,112,116,290,292,,11.19231478,124.0473548
APCL542,1,243,243,254,254,225,225,175,183,92,96,314,330,209,209,241,249,225,229,258,258,252,252,116,116,290,298,,11.19384798,124.0493345
APCL543,1,243,245,254,260,225,225,163,179,96,96,310,334,211,231,243,249,225,229,252,258,252,252,112,116,290,290,,11.1940399,124.0492658
APCL540,1,243,245,254,254,225,225,163,171,96,96,310,326,211,219,241,249,214,225,252,258,252,252,112,112,298,300,,11.19370913,124.0493562
APCL541,1,243,243,254,254,225,227,179,183,92,92,314,326,209,211,243,249,225,229,258,258,252,252,112,116,296,296,,11.19384798,124.0493345
APCL551,1,245,249,254,254,225,227,171,179,101,105,314,334,207,213,241,249,214,214,258,288,252,254,116,116,290,296,,11.20815706,124.0611941
APCL552,1,243,243,254,254,225,225,171,195,96,105,326,338,211,211,241,241,227,229,252,252,252,252,112,112,292,296,,11.20815706,124.0611941
APCL545,1,243,247,254,254,0,0,167,191,92,101,314,322,209,211,241,243,214,225,258,258,252,252,112,114,290,292,,11.20737584,124.0609757
APCL550,1,243,245,256,256,225,225,175,187,96,96,318,318,209,215,241,241,214,229,252,256,252,252,112,112,288,296,,11.20785143,124.0611109
APCL38,2,245,245,252,254,225,225,175,195,92,92,326,338,231,231,241,241,214,225,258,260,254,254,112,116,290,294,,10.17673311,124.1781185
APCL47,2,243,243,254,254,225,225,159,171,92,96,326,338,219,225,241,243,214,240,258,258,252,252,112,112,290,290,,10.17677232,124.1783412
APCL58,2,245,253,252,254,225,225,175,187,96,105,338,346,211,211,241,243,225,229,252,258,252,252,112,116,290,296,,9.414298916,123.3128768
APCL53,2,243,243,254,254,225,225,151,163,92,101,334,334,211,231,241,241,225,246,256,256,252,252,112,112,288,298,,9.414321338,123.3125906
APCL56,2,243,245,252,252,225,225,163,175,96,101,322,330,211,213,241,241,214,225,252,258,252,252,116,116,288,290,,9.414326451,123.3127639
APCL57,2,243,243,254,258,225,225,179,187,101,113,314,326,211,213,241,243,225,225,252,258,252,254,116,116,290,290,,9.414326451,123.3127639
APCL67,2,245,245,252,254,225,225,187,187,94,94,318,334,211,211,241,243,214,214,258,258,252,252,112,114,290,296,,9.413871041,123.3137655
APCL59,2,243,245,254,254,225,225,167,179,96,96,326,326,211,215,241,243,214,214,252,258,252,252,112,114,290,292,,9.414151164,123.3137128
APCL65,2,243,247,254,254,225,227,167,175,92,96,326,338,209,249,243,249,214,229,256,258,252,252,112,112,294,296,,9.413953791,123.3136534
APCL63,2,243,253,254,254,225,225,167,195,96,113,326,334,0,0,241,243,225,229,258,258,252,252,114,118,290,290,,9.414038092,123.3136747
APCL61,2,243,243,254,258,225,225,175,183,92,96,326,342,217,231,243,243,214,214,256,258,252,252,116,116,290,292,,9.414039727,123.3136802
APCL62,2,253,253,254,254,225,225,167,171,96,105,326,334,211,219,241,249,214,214,252,256,252,252,116,118,290,313,,9.414039727,123.3136802
APCL97,2,243,245,254,254,225,225,167,171,96,96,326,342,211,231,241,241,225,225,252,256,252,252,116,116,290,290,,9.900912526,123.6083074
APCL91,2,231,245,254,260,225,225,171,195,96,105,318,326,219,219,241,241,214,225,258,258,252,254,112,112,290,294,,9.899682754,123.6086295
APCL94,2,243,245,254,254,225,225,171,175,96,101,310,334,213,219,243,249,214,214,252,258,252,252,112,116,296,296,,9.900374869,123.6084625
APCL90,2,245,245,254,254,225,225,163,167,96,96,310,322,209,217,241,249,214,225,252,252,252,254,112,116,290,294,,9.899682754,123.6086295
APCL95,2,245,245,254,254,225,225,167,175,92,105,310,322,211,213,241,241,225,225,252,258,252,252,112,112,290,298,,9.900452045,123.6082719
APCL111,2,243,247,254,258,225,225,163,163,101,113,326,342,217,219,241,249,214,222,250,264,252,252,116,116,290,290,,9.865211046,123.5883984
APCL130,2,243,245,252,254,225,225,163,167,96,113,306,334,211,249,241,243,218,225,252,258,252,252,116,116,288,296,,9.635981626,123.4850874
APCL132,2,243,243,254,254,225,225,171,175,96,105,314,346,231,249,241,241,214,227,250,252,252,252,112,116,290,290,,9.636083592,123.4850902
APCL141,2,245,249,254,254,225,225,171,179,96,96,334,334,217,231,241,243,216,225,252,258,252,252,116,116,290,292,,9.636560543,123.4853582
APCL129,2,243,245,254,254,225,225,171,191,96,101,318,326,209,251,249,249,225,225,250,258,252,252,116,116,290,296,,9.635981626,123.4850874
APCL125,2,243,243,254,254,225,225,175,199,101,105,334,334,211,249,241,249,214,225,258,258,252,252,112,116,296,298,,9.634901786,123.484704
APCL127,2,243,243,254,258,225,225,167,175,96,96,318,334,211,231,241,241,214,229,252,256,252,256,116,116,290,294,,9.635981626,123.4850874
APCL124,2,243,247,254,258,225,225,171,171,105,113,318,334,211,211,241,243,225,229,0,0,252,252,112,116,296,296,,9.634901786,123.484704
APCL133,2,245,249,254,254,225,225,159,187,96,113,314,322,211,249,243,249,225,225,252,258,252,252,112,112,296,296,,9.636081036,123.4850745
APCL139,2,243,243,254,254,225,225,171,171,101,101,286,346,211,219,241,249,214,225,258,258,252,252,112,112,296,296,,9.636147399,123.4851389
APCL145,2,243,253,254,258,0,0,171,179,96,101,314,318,211,211,241,243,214,229,258,258,252,252,112,112,290,296,,9.636765125,123.4854166
APCL143,2,243,245,254,254,225,225,179,179,96,101,334,342,209,209,241,241,214,229,256,258,252,252,112,116,294,294,,9.636718899,123.4854225
APCL166,2,245,245,254,254,225,225,167,171,96,96,318,326,211,217,241,249,214,225,252,258,252,252,114,116,290,290,,10.227555,123.8199217
APCL173,2,243,249,252,254,225,225,175,187,96,96,322,342,211,211,243,243,214,229,252,256,252,252,116,116,290,290,,10.22279611,123.783985
APCL176,2,243,245,252,254,225,225,171,171,92,96,322,330,211,211,241,243,214,214,252,258,252,252,112,116,290,298,,10.22248116,123.7825489
APCL171,2,245,245,254,258,225,225,171,195,92,96,310,314,211,219,243,243,214,214,250,264,252,254,112,116,296,303,,10.22276784,123.7839616
APCL190,2,243,243,254,254,225,225,171,179,94,96,334,346,211,217,241,249,214,225,252,252,252,254,112,112,290,294,,10.22508922,123.8047895
APCL194,2,243,249,254,260,225,225,163,199,92,105,298,322,211,211,241,243,214,229,252,258,252,254,112,116,288,290,,10.2252326,123.8046048
APCL187,2,243,245,254,254,225,225,171,183,94,96,326,326,211,219,241,249,214,229,262,262,252,252,112,116,290,300,,10.22506543,123.8048462
APCL193,2,243,245,254,254,225,225,171,175,96,101,314,346,211,231,241,249,216,225,260,264,252,252,112,116,296,296,,10.22508922,123.8047895
APCL191,2,243,243,254,254,225,225,171,187,96,96,314,326,207,211,241,241,225,225,258,294,252,252,112,112,290,296,,10.22508922,123.8047895
APCL207,2,243,243,254,254,225,231,179,183,96,101,330,338,209,213,241,241,214,225,256,256,252,252,112,112,290,296,,10.05859151,123.6386881
APCL202,2,243,245,254,254,225,225,175,179,101,105,326,326,207,221,241,243,214,225,252,258,252,252,112,116,290,290,,10.05837861,123.6385757
APCL205,2,243,243,254,254,225,225,167,187,96,113,314,342,211,219,243,249,225,225,252,256,252,252,112,116,296,296,,10.05837861,123.6385757
APCL204,2,243,245,254,254,225,225,159,175,92,92,318,334,211,217,241,243,216,225,258,258,252,254,112,116,290,296,,10.05837861,123.6385757
APCL200,2,245,249,254,254,221,225,183,191,96,96,334,338,211,211,243,249,225,229,256,258,252,252,112,112,290,292,,10.05841949,123.6385534
APCL212,2,243,243,254,254,225,225,129,175,92,96,326,330,211,213,241,249,225,225,252,258,252,252,116,116,290,294,,10.06561152,123.6413667
APCL220,2,243,245,254,258,225,225,171,187,96,113,314,346,211,213,241,249,214,225,0,0,252,252,116,116,298,305,,10.05208141,123.6355666
APCL250,2,243,243,254,254,225,225,175,175,96,96,334,338,0,0,241,241,214,225,258,258,252,254,112,116,290,296,,10.55978581,124.0405327
APCL246,2,243,243,252,254,225,227,167,171,92,96,326,338,207,209,241,243,214,225,252,258,252,252,112,112,290,290,,10.55825498,124.0405153
APCL259,2,243,245,254,254,225,225,167,167,94,96,314,318,213,247,241,241,225,225,258,260,252,254,112,116,288,298,,10.56323692,124.0404563
APCL253,2,243,243,258,258,225,225,167,183,88,101,334,338,213,217,241,249,225,225,252,258,252,252,112,112,290,296,,10.5615466,124.0402441
APCL258,2,243,243,252,254,225,225,159,167,101,101,322,342,209,211,241,249,214,225,252,256,252,252,116,116,296,313,,10.56323692,124.0404563
APCL274,2,245,249,252,254,225,225,179,179,96,101,318,326,211,223,241,241,214,214,258,258,252,252,112,114,296,296,,10.17317591,124.7496487
APCL265,2,243,243,256,258,225,225,167,175,96,105,322,322,213,219,249,249,214,225,252,260,252,252,112,112,290,292,,10.17317677,124.7494457
APCL271,2,243,247,252,254,225,225,159,171,96,96,330,334,205,211,241,241,214,214,252,258,252,252,112,112,290,290,,10.17317591,124.7496487
APCL267,2,243,245,254,254,225,225,171,175,101,105,326,342,211,211,241,249,225,225,0,0,252,252,112,116,288,294,,10.17313321,124.7495348
APCL275,2,243,243,254,254,225,225,167,171,92,96,318,322,211,211,241,243,216,229,250,258,252,254,112,112,296,298,,10.17321173,124.7496949
APCL282,2,245,245,254,260,225,225,159,167,96,105,314,326,211,231,241,241,214,229,252,252,252,254,112,118,290,296,,10.1724895,124.7510914
APCL300,2,243,245,252,260,225,225,163,175,96,113,322,330,209,211,241,241,229,229,0,0,252,254,116,116,294,296,,10.00723422,125.0294126
APCL293,2,243,245,252,254,225,225,167,183,96,113,326,334,211,215,241,241,225,225,252,260,252,252,112,112,290,294,,10.00732764,125.0293198
APCL298,2,243,243,252,254,225,225,163,175,94,96,318,326,211,231,241,241,214,225,252,258,252,252,112,116,290,294,,10.00721186,125.0294417
APCL286,2,245,247,254,254,225,225,167,171,92,113,306,318,199,219,241,241,225,229,252,252,252,254,112,116,296,298,,10.00742422,125.0293438
APCL299,2,245,245,254,254,225,225,171,191,92,96,306,338,211,253,241,249,214,225,252,256,252,252,112,112,290,296,,10.00726111,125.0294427
APCL290,2,245,245,254,258,225,225,159,183,92,92,322,354,219,251,241,249,229,229,252,258,252,252,112,116,290,294,,10.00743172,125.0293767
APCL301,2,245,249,254,258,225,225,171,175,92,101,326,338,213,231,241,249,214,225,258,258,252,256,116,118,290,298,,10.00740201,125.0293329
APCL321,2,245,245,254,254,225,225,175,187,92,96,314,330,209,213,241,241,214,225,256,258,252,252,114,116,290,290,,9.962428235,125.2238611
APCL322,2,245,253,254,258,225,225,163,179,92,96,334,342,211,217,241,249,214,214,258,260,252,252,114,114,290,296,,9.962527624,125.2240028
APCL306,2,243,243,254,254,225,225,151,159,94,96,322,338,211,213,243,243,214,214,0,0,252,254,112,116,288,296,,9.962226944,125.2236916
APCL310,2,243,245,252,254,225,225,167,171,0,0,306,342,211,219,241,241,214,225,258,258,252,252,112,116,290,290,,9.962260011,125.2237803
APCL317,2,243,243,254,254,225,225,171,179,96,96,310,346,213,217,243,249,214,218,250,252,252,252,112,116,290,296,,9.962228977,125.223711
APCL358,2,249,249,252,254,225,225,187,187,88,96,334,338,211,213,249,249,214,225,252,258,252,252,112,116,290,311,,10.54022685,124.6380203
APCL353,2,243,243,254,254,225,225,171,183,96,101,0,0,211,213,241,243,214,225,252,252,252,252,112,112,290,296,,10.54046157,124.6377821
APCL348,2,245,249,254,254,225,225,171,175,92,101,322,342,209,231,241,241,229,229,258,264,252,254,116,116,288,290,,10.5403661,124.6378422
APCL361,2,243,253,254,254,225,225,159,183,96,96,326,334,209,219,241,241,214,214,256,258,252,252,116,116,290,294,,10.53920625,124.6394869
APCL350,2,243,249,254,258,225,225,175,179,101,101,294,326,211,213,241,249,214,218,258,258,252,252,112,116,290,296,,10.54035264,124.6378333
APCL367,2,247,249,254,258,225,225,175,179,92,96,310,342,209,211,241,243,225,225,252,258,252,254,112,116,296,296,,10.53095795,124.7520643
APCL375,2,243,243,254,254,225,225,175,195,94,94,306,310,219,225,243,243,225,225,250,258,252,252,112,116,296,319,,10.53323044,124.752947
APCL371,2,243,243,254,254,225,225,175,175,101,105,314,330,205,213,249,249,229,229,252,258,252,252,112,116,298,317,,10.53085282,124.7521499
APCL380,2,243,243,254,254,225,225,159,175,96,96,318,338,213,231,243,243,214,214,252,252,252,252,112,116,290,298,,10.85519979,124.7267864
APCL385,2,243,243,254,254,225,225,171,171,96,96,314,318,211,219,243,249,214,227,256,258,252,252,112,112,290,290,,10.87289776,124.7118147
APCL388,2,243,245,252,252,225,225,191,191,96,96,338,338,211,249,243,243,225,229,258,260,252,252,116,116,290,296,,10.87362964,124.7117
APCL405,2,243,243,254,254,225,225,129,167,92,96,330,338,217,231,243,249,225,229,256,258,252,252,116,116,294,298,,10.74374581,124.7864271
APCL429,2,243,243,254,254,225,225,163,171,92,96,322,326,211,219,241,241,214,216,252,258,252,254,116,116,290,298,,11.04269014,124.3674749
APCL437,2,243,245,254,254,225,225,179,183,101,113,326,326,211,219,241,241,214,225,258,258,252,252,112,112,290,296,,11.04390807,124.3674224
APCL460,2,243,243,254,260,225,225,175,179,92,101,310,330,219,231,241,243,225,225,252,258,252,252,112,116,296,298,,10.95525266,124.6493755
APCL456,2,245,247,254,260,225,225,175,183,94,101,322,334,213,221,241,241,214,229,256,258,252,252,112,116,294,298,,10.95565436,124.6488972
APCL475,2,243,245,254,254,225,225,171,175,96,105,322,330,211,249,241,243,214,229,252,258,252,252,112,116,296,298,,10.76175525,124.0086886
APCL481,2,245,249,254,254,225,225,163,179,96,101,314,314,211,249,243,249,214,214,252,252,252,252,112,116,290,290,,10.7408147,124.0115651
APCL480,2,249,249,254,254,225,225,167,171,92,94,322,334,209,211,241,241,214,225,258,258,252,254,112,116,292,294,,10.74196373,124.0115173
APCL486,2,249,249,254,256,225,231,167,171,92,113,322,326,211,211,241,241,214,214,252,258,252,252,112,112,290,296,,10.78070116,124.0296458
APCL485,2,243,243,254,258,225,225,167,175,94,101,322,334,211,231,243,249,227,229,256,258,252,252,112,116,294,296,,10.78076683,124.029668
APCL504,2,243,245,254,256,225,227,159,171,92,113,302,326,217,231,241,241,214,225,252,258,252,252,116,116,290,296,,10.92268834,124.0351073
APCL499,2,243,245,254,256,225,225,167,171,96,96,322,326,211,231,249,249,214,216,258,262,252,252,112,116,290,296,,10.92448343,124.0341253
APCL503,2,243,245,254,254,225,225,175,191,92,96,326,330,211,211,241,243,214,214,254,258,252,252,112,112,290,290,,10.92268834,124.0351073
APCL493,2,243,245,254,258,225,225,159,195,92,96,326,330,209,213,241,241,214,229,252,258,252,252,116,116,290,290,,10.92501375,124.0338242
APCL491,2,243,245,252,254,225,225,191,195,96,101,314,338,211,217,241,241,214,225,252,256,252,254,116,116,290,294,,10.92519073,124.0338393
APCL506,2,243,249,254,254,225,225,171,195,92,96,322,330,209,231,243,243,220,246,258,258,252,252,112,112,290,294,,10.89521872,124.0513711
APCL521,2,245,245,254,260,225,225,171,179,92,96,330,330,209,249,241,243,214,225,0,0,252,252,116,116,288,290,,11.34787509,124.1052355
APCL522,2,243,245,254,254,225,225,167,187,92,94,314,314,209,211,241,243,214,214,252,256,252,252,112,112,290,319,,11.34787509,124.1052355
APCL511,2,243,245,254,254,225,225,163,171,96,105,322,330,211,231,243,249,220,229,0,0,252,254,112,114,290,290,,11.3474444,124.1050139
APCL539,2,243,249,258,260,225,225,155,171,96,101,302,338,217,219,243,249,225,225,250,258,252,254,116,116,292,296,,11.19316384,124.0476547
APCL533,2,243,249,254,254,225,225,175,175,113,113,318,322,211,219,243,249,214,225,252,256,252,252,112,116,290,290,,11.19209456,124.0473369
APCL544,2,243,243,252,254,221,225,171,175,92,96,326,334,209,219,241,243,214,225,258,258,252,252,116,116,290,290,,11.19566006,124.0493741
APCL546,2,243,243,254,254,225,225,129,167,88,101,318,326,219,231,241,243,214,225,252,256,252,252,112,116,296,313,,11.20742232,124.0609165
APCL549,2,243,249,254,258,225,225,167,175,101,113,318,342,211,217,241,241,225,229,252,258,252,252,112,112,290,290,,11.20781858,124.0610962
APCL21,3,243,245,254,254,225,225,167,171,92,96,314,330,217,219,241,243,214,225,252,256,252,252,112,116,296,296,,10.17643826,124.1775502
APCL27,3,243,245,254,254,225,225,175,175,92,113,318,326,219,219,241,243,214,225,256,258,252,254,112,118,290,305,,10.1765814,124.1777415
APCL39,3,243,245,254,254,225,225,171,179,92,96,322,330,231,249,241,243,214,225,252,258,252,252,112,112,290,290,,10.17673311,124.1781185
APCL52,3,243,245,252,254,225,231,129,163,96,96,318,318,211,211,243,249,225,229,258,264,252,254,116,116,290,296,,9.414417981,123.3125678
APCL54,3,243,245,254,254,225,225,175,187,92,96,338,346,211,249,241,243,214,214,256,258,252,252,112,116,290,290,,9.4143249,123.3127395
APCL64,3,245,245,254,254,225,231,167,183,96,101,326,338,213,219,241,243,225,225,252,258,252,252,116,116,294,296,,9.413968313,123.3136242
APCL68,3,243,245,254,254,225,225,167,179,92,113,334,342,211,249,241,243,214,225,252,258,252,252,116,118,290,290,,9.413871083,123.3137445
APCL70,3,243,243,252,254,225,225,163,187,101,105,326,326,211,249,243,249,214,225,258,258,252,252,116,116,290,311,,9.413822615,123.3140877
APCL89,3,245,249,252,254,225,231,167,171,101,101,318,338,211,223,241,243,214,214,258,262,252,252,112,116,290,292,,9.899667939,123.6086093
APCL93,3,243,245,254,254,225,225,171,175,92,101,330,338,211,215,241,243,214,227,256,258,252,252,112,116,290,290,,9.900374869,123.6084625
APCL88,3,243,243,254,254,225,225,183,195,101,101,306,322,215,231,241,243,225,225,252,256,252,252,116,116,290,296,,9.899667939,123.6086093
APCL101,3,243,243,254,258,225,225,163,171,92,96,0,0,213,231,243,243,216,229,256,258,252,252,112,116,290,296,,9.87064692,123.6018254
APCL102,3,243,243,254,254,225,227,183,187,94,96,310,322,211,211,241,249,214,225,252,258,252,252,112,116,290,309,,9.87064692,123.6018254
APCL131,3,243,249,252,254,225,225,171,171,96,113,330,342,213,219,241,249,214,229,256,264,252,254,112,112,290,290,,9.63597469,123.4850896
APCL172,3,245,245,254,260,225,225,159,187,96,96,326,334,215,219,249,249,214,214,252,256,252,254,112,112,290,298,,10.22279611,123.783985
APCL182,3,243,245,254,254,225,225,171,175,96,101,322,326,211,231,241,241,214,225,252,264,252,252,116,116,290,296,,10.22775575,123.8172531
APCL196,3,243,243,254,254,225,225,159,179,96,96,310,334,209,219,241,241,214,225,258,258,252,252,112,116,290,296,,10.2268645,123.7961209
APCL198,3,243,243,254,254,225,225,175,179,96,96,326,338,211,211,243,243,214,214,252,258,252,254,112,112,290,296,,10.22646353,123.796555
APCL197,3,243,243,254,254,225,225,159,167,92,113,338,342,211,219,241,241,214,214,252,258,252,252,112,112,296,298,,10.22646353,123.796555
APCL206,3,249,249,254,254,225,225,171,171,96,96,334,338,213,231,243,249,214,214,252,258,252,252,114,116,290,294,,10.05859151,123.6386881
APCL199,3,243,243,254,254,225,225,171,195,92,92,322,338,209,231,249,249,214,225,252,258,252,252,112,116,296,296,,10.05841949,123.6385534
APCL219,3,243,245,254,254,225,225,167,175,96,101,318,330,219,247,241,249,214,229,258,258,252,254,116,116,296,298,,10.05181987,123.6352424
APCL217,3,245,245,254,254,225,225,163,179,96,101,318,330,211,211,243,243,214,214,256,256,252,254,112,116,290,290,,10.05101374,123.6350463
APCL218,3,243,247,254,258,225,225,171,187,96,113,322,334,211,215,241,241,214,229,252,258,252,252,112,116,290,296,,10.05101374,123.6350463
APCL225,3,243,243,252,258,225,225,167,179,101,113,314,326,211,215,241,241,214,225,252,258,252,252,112,112,288,294,,10.07646533,123.6594767
APCL223,3,241,241,254,254,225,225,179,183,92,105,322,334,231,231,243,243,225,240,250,250,252,252,112,116,311,311,,10.07602364,123.6593172
APCL224,3,243,245,254,254,225,225,163,167,92,96,294,322,201,211,241,249,214,216,250,256,252,252,112,118,290,296,,10.07602364,123.6593172
APCL221,3,243,247,254,254,225,225,179,187,96,113,314,338,211,249,241,243,225,225,256,258,252,252,112,112,290,290,,10.07596761,123.6593001
APCL251,3,243,243,254,254,225,225,167,175,101,101,314,330,211,213,241,243,225,225,258,258,252,252,112,118,294,296,,10.55978581,124.0405327
APCL249,3,243,245,254,258,225,225,171,175,96,96,330,334,211,213,249,249,225,229,258,258,252,252,114,116,290,290,,10.55905554,124.0405115
APCL248,3,243,245,252,254,225,225,167,195,96,101,314,322,217,231,241,243,214,229,0,0,252,254,112,112,290,296,,10.55905554,124.0405115
APCL245,3,245,253,254,254,225,225,171,175,92,105,310,338,211,211,243,243,214,229,252,258,252,252,112,116,290,290,,10.55712489,124.04077
APCL243,3,243,245,254,254,225,225,171,171,92,94,326,334,211,231,241,249,214,216,252,258,252,254,112,118,290,296,,10.55592435,124.040888
APCL255,3,245,249,254,254,225,225,175,191,92,113,322,330,213,219,241,249,225,225,250,252,252,252,112,112,290,296,,10.5624569,124.0404172
APCL254,3,243,245,254,254,225,225,171,175,96,96,322,326,211,231,241,249,214,225,250,258,252,252,112,112,298,298,,10.5624569,124.0404172
APCL257,3,243,247,254,260,225,225,171,187,92,96,322,326,213,215,241,249,225,225,252,258,252,254,112,116,290,290,,10.56260775,124.040356
APCL269,3,243,243,254,254,225,227,171,187,94,96,330,346,213,249,241,241,214,225,252,258,252,252,116,116,290,296,,10.17317591,124.7496487
APCL270,3,243,243,258,258,225,225,167,195,96,96,330,330,211,231,241,249,214,225,256,258,252,252,112,116,290,296,,10.17317591,124.7496487
APCL279,3,245,245,254,254,225,225,167,175,96,96,294,326,211,213,241,249,214,225,250,258,252,254,116,118,290,292,,10.17266263,124.7508512
APCL280,3,245,245,254,254,225,225,179,187,96,101,322,334,209,213,241,243,214,225,252,258,252,254,112,116,290,298,,10.17251429,124.751057
APCL283,3,245,249,254,258,225,225,175,175,96,101,322,326,213,231,241,241,229,229,252,288,252,254,116,116,290,290,,10.1724895,124.7510914
APCL296,3,243,243,254,254,225,225,175,191,92,96,318,330,211,217,241,241,216,229,252,258,252,254,112,112,290,290,,10.00725174,125.0293403
APCL297,3,243,243,254,256,225,225,175,187,94,105,322,330,213,231,241,249,225,229,252,260,252,252,116,116,288,298,,10.00725174,125.0293403
APCL289,3,243,245,0,0,225,225,167,171,96,113,346,354,207,213,243,243,210,214,252,264,252,252,112,116,290,290,,10.0074527,125.0293585
APCL305,3,245,249,254,254,225,225,171,175,96,96,310,326,207,249,241,241,225,229,252,258,252,252,112,114,290,290,,10.0077495,125.0292983
APCL288,3,245,249,254,254,225,225,171,179,94,101,318,334,211,213,241,243,214,225,256,258,252,252,116,116,290,296,,10.00748059,125.0293675
APCL302,3,243,243,254,254,225,225,155,175,96,96,314,342,211,231,241,243,225,225,256,258,252,254,116,116,288,296,,10.00748059,125.0293675
APCL312,3,249,249,254,254,225,225,171,183,96,113,322,330,211,219,241,241,214,214,252,252,252,252,112,116,290,294,,9.962267575,125.2237885
APCL311,3,243,245,254,254,225,225,167,179,92,96,322,342,213,219,241,243,222,229,252,258,252,254,112,116,296,296,,9.962260011,125.2237803
APCL313,3,243,243,254,254,225,225,167,195,94,96,318,322,213,231,243,249,214,214,252,258,252,252,112,116,288,290,,9.962267575,125.2237885
APCL319,3,231,245,254,254,225,225,167,179,94,113,322,338,219,231,241,243,225,240,256,258,252,252,114,116,290,313,,9.962166573,125.223654
APCL307,3,243,245,254,254,225,225,163,199,92,94,326,342,219,231,241,243,214,246,258,262,252,252,116,116,290,290,,9.962226944,125.2236916
APCL308,3,243,249,254,254,225,225,179,183,88,96,330,342,211,213,241,241,214,225,252,252,252,252,116,116,290,290,,9.962226944,125.2236916
APCL320,3,245,245,260,260,225,225,167,175,96,101,306,330,199,211,241,241,214,225,258,258,252,254,116,116,290,292,,9.962166573,125.223654
APCL359,3,245,249,254,254,225,225,171,183,96,96,318,330,211,213,241,243,225,229,250,258,252,252,112,112,290,290,,10.53931865,124.6395728
APCL343,3,243,245,254,254,225,225,163,179,92,96,322,330,209,211,241,249,214,229,252,258,252,252,112,116,0,0,,10.53992839,124.6387161
APCL347,3,243,249,254,254,225,225,129,179,96,113,302,334,217,231,241,241,214,225,258,258,252,252,112,116,290,294,,10.54037959,124.6382342
APCL360,3,245,247,254,254,225,225,167,191,96,113,318,322,211,231,243,249,220,229,252,258,252,252,112,116,290,296,,10.53931865,124.6395728
APCL378,3,243,245,252,254,227,231,167,171,92,113,318,322,211,231,241,241,220,225,252,258,252,254,112,112,296,307,,10.53322844,124.7529715
APCL368,3,243,249,252,252,225,225,183,187,0,0,322,322,211,219,241,243,225,225,258,258,252,252,112,116,296,298,,10.53095795,124.7520643
APCL370,3,243,243,252,254,225,225,163,175,96,101,330,330,211,215,241,241,225,225,252,258,252,252,112,116,290,290,,10.53085282,124.7521499
APCL369,3,243,243,254,254,225,225,159,175,96,113,310,322,213,249,241,243,214,229,258,258,252,252,112,116,294,296,,10.53095795,124.7520643
APCL366,3,245,245,252,254,225,225,171,187,96,96,322,330,211,231,241,243,214,229,252,256,252,252,116,116,290,298,,10.53092418,124.7519108
APCL381,3,243,245,252,254,225,225,175,195,113,113,326,326,209,213,249,249,225,225,258,258,252,252,112,116,288,296,,10.85566542,124.7268983
APCL383,3,243,249,254,254,221,225,167,167,101,101,330,334,0,0,241,243,225,225,258,258,252,252,112,116,290,296,,10.85598356,124.7263675
APCL379,3,243,243,254,254,225,227,175,183,101,101,318,326,211,231,241,249,225,225,252,258,252,252,112,112,290,296,,10.85530733,124.7269424
APCL382,3,243,243,252,254,225,225,163,167,96,101,322,330,211,215,243,249,229,229,250,258,252,252,112,112,296,300,,10.85598356,124.7263675
APCL394,3,243,249,254,254,225,225,175,187,101,105,326,346,211,211,241,241,225,225,252,258,252,254,112,116,290,290,,10.87291509,124.7121188
APCL399,3,243,243,254,254,225,227,159,171,96,101,322,330,209,231,241,243,214,225,252,256,252,252,112,116,290,309,,10.64131589,124.7786885
APCL410,3,243,243,254,256,225,225,175,199,92,113,330,338,209,247,241,241,214,229,258,258,252,252,112,116,290,296,,10.74378189,124.7863166
APCL408,3,0,0,252,254,225,225,159,163,96,105,318,322,209,209,243,243,214,225,256,258,252,252,112,116,288,298,,10.74374581,124.7864271
APCL416,3,243,243,254,254,225,225,175,195,96,101,314,326,201,211,241,249,214,216,256,258,252,252,116,116,294,296,,10.74463186,124.786136
APCL418,3,245,247,252,258,225,225,163,175,96,101,310,318,211,219,243,249,216,225,250,258,252,252,112,116,288,290,,10.74477257,124.786004
APCL403,3,243,249,0,0,225,225,183,187,92,94,318,338,211,215,241,243,225,229,258,260,252,252,116,118,296,307,,10.74341604,124.7866797
APCL414,3,243,245,252,254,225,225,171,171,88,96,314,326,211,219,241,241,214,225,252,288,252,252,116,116,296,298,,10.74463186,124.786136
APCL413,3,243,243,254,254,225,225,167,175,96,96,306,314,211,213,243,249,225,229,250,256,252,252,112,116,300,305,,10.74388327,124.7863005
APCL426,3,243,249,254,254,225,225,187,195,92,105,314,318,209,213,241,249,214,214,252,252,252,252,116,116,290,290,,11.04167413,124.3691435
APCL423,3,243,243,254,254,225,225,167,171,96,101,314,322,201,219,241,243,214,229,250,252,252,252,112,116,296,307,,11.04161279,124.3690207
APCL421,3,243,245,252,254,225,225,163,167,96,101,306,318,219,231,241,243,214,225,0,0,252,252,112,114,292,319,,11.0414449,124.3689021
APCL428,3,243,249,0,0,225,225,167,183,96,101,326,326,213,221,241,249,225,229,252,258,254,254,116,116,290,292,,11.04269014,124.3674749
APCL432,3,243,249,254,254,225,225,159,171,96,101,334,338,207,219,241,249,214,225,252,262,252,254,112,112,294,298,,11.04294009,124.3673823
APCL433,3,243,243,252,254,225,225,167,195,92,96,322,334,211,211,243,249,210,214,256,290,252,252,116,116,290,290,,11.04294009,124.3673823
APCL434,3,243,245,254,254,225,225,151,175,96,113,298,326,217,217,241,241,218,225,252,258,252,252,112,116,290,296,,11.04294009,124.3673823
APCL438,3,243,243,252,252,225,225,171,171,94,101,0,0,0,0,241,243,225,225,252,258,252,252,0,0,290,290,,11.04390807,124.3674224
APCL451,3,243,245,252,252,225,225,167,171,101,101,306,318,219,231,241,241,214,214,252,258,254,254,112,112,296,298,,10.95529729,124.6493062
APCL446,3,243,249,254,254,225,225,171,179,96,96,314,338,211,213,243,243,214,214,252,258,252,252,112,112,294,296,,10.95527841,124.6493702
APCL453,3,243,247,254,254,225,225,179,179,94,101,338,346,209,217,241,241,225,225,252,258,252,252,116,116,290,298,,10.95530438,124.6493585
APCL452,3,243,245,254,254,225,225,175,183,94,101,318,322,211,219,243,243,214,225,252,262,252,252,112,116,296,296,,10.95530438,124.6493585
APCL447,3,243,243,252,258,225,225,129,187,92,105,314,318,211,211,241,243,214,214,252,256,252,254,112,116,296,298,,10.95527841,124.6493702
APCL479,3,243,249,254,254,225,225,167,179,92,96,314,330,211,219,243,249,214,214,252,258,252,252,112,112,288,290,,10.74196373,124.0115173
APCL498,3,243,243,252,258,225,225,171,179,92,96,326,330,0,0,241,243,214,216,258,262,252,252,112,116,290,292,,10.92448343,124.0341253
APCL501,3,245,247,254,254,225,225,159,175,92,101,326,326,211,231,243,243,229,229,256,262,252,254,116,116,290,290,,10.92436811,124.0341841
APCL492,3,245,249,254,254,225,225,167,179,92,96,322,326,211,219,243,249,214,214,252,264,252,252,112,112,296,296,,10.92501375,124.0338242
APCL502,3,243,243,252,254,225,225,167,183,92,92,326,338,209,219,249,249,214,225,258,258,252,254,112,112,296,296,,10.92436811,124.0341841
APCL500,3,245,245,254,256,225,225,167,191,96,105,334,338,211,213,249,249,229,229,252,256,252,252,112,116,290,298,,10.92436811,124.0341841
APCL489,3,243,249,254,254,225,231,167,175,96,113,322,326,211,249,241,243,214,214,258,258,252,254,112,116,290,296,,10.92526024,124.0338769
APCL496,3,0,0,252,252,225,225,171,175,96,113,322,338,209,211,241,241,216,225,252,256,252,252,116,116,294,296,,10.92453479,124.0342072
APCL488,3,243,249,254,258,225,225,151,171,92,101,326,334,211,217,241,243,214,229,250,258,252,254,112,112,290,294,,10.92526024,124.0338769
APCL490,3,243,245,254,258,225,225,175,191,92,92,314,318,211,217,241,249,214,240,258,258,252,254,116,118,290,298,,10.92519073,124.0338393
APCL508,3,243,243,254,254,225,225,171,171,96,105,314,318,209,221,241,243,214,225,258,258,252,252,112,112,296,296,,10.89487768,124.0514488
APCL517,3,243,247,258,258,225,225,163,171,96,96,318,346,207,231,241,249,214,214,252,258,252,252,112,116,290,296,,11.34782238,124.105182
APCL518,3,243,243,254,258,225,225,167,179,94,105,318,334,231,231,243,249,218,225,256,262,252,252,112,116,296,296,,11.34776687,124.1052771
APCL534,3,243,245,252,252,225,225,167,179,96,101,330,338,211,213,241,243,214,225,252,264,252,252,116,116,290,296,,11.19209456,124.0473369
APCL535,3,243,249,252,252,225,225,167,167,101,105,322,330,207,213,241,241,214,225,258,258,252,252,116,118,296,309,,11.19231478,124.0473548
APCL532,3,243,245,254,254,225,225,175,183,88,92,318,326,211,211,243,249,214,229,258,258,252,252,112,116,288,290,,11.19209456,124.0473369
APCL536,3,243,245,254,258,225,225,155,171,96,96,310,330,211,217,241,241,214,220,0,0,252,252,112,112,290,290,,11.19231478,124.0473548
APCL28,4,243,249,254,254,225,225,159,179,96,101,326,330,211,213,241,243,214,214,256,256,252,252,112,116,290,303,,10.1765814,124.1777415
APCL48,4,243,243,254,254,225,225,171,179,96,96,326,330,231,231,243,243,214,222,252,258,252,252,112,112,296,309,,10.17698031,124.1785722
APCL144,4,243,245,254,254,225,225,167,175,101,113,322,326,211,211,241,243,214,225,256,258,252,252,112,116,290,294,,9.636765125,123.4854166
APCL268,4,245,245,254,254,225,225,175,187,92,96,314,322,209,213,241,243,214,229,250,252,252,252,112,112,290,298,,10.17313321,124.7495348
APCL272,4,243,245,254,254,225,225,129,183,101,113,322,326,213,217,243,243,214,229,258,260,252,252,112,112,290,292,,10.17317591,124.7496487
APCL285,4,245,247,254,254,225,225,167,171,92,113,306,318,199,219,241,241,225,229,252,252,252,254,112,116,296,298,,10.17142982,124.7509995
APCL291,4,243,245,252,254,225,225,167,175,96,113,322,334,209,211,241,243,214,229,252,252,252,252,112,116,290,296,,10.0074527,125.0293585
APCL309,4,243,245,258,260,225,227,167,171,96,101,314,330,213,219,241,243,214,214,252,252,252,254,112,116,290,290,,9.962260011,125.2237803
APCL345,4,245,247,254,254,225,231,171,191,101,101,318,326,0,0,243,243,225,229,256,258,252,252,112,116,292,296,,10.54031675,124.6382605
APCL346,4,243,245,252,254,225,225,171,179,96,96,326,334,211,211,241,243,214,225,252,258,252,254,112,112,290,296,,10.54037959,124.6382342
APCL344,4,243,243,254,258,225,231,159,187,96,96,310,326,211,219,241,243,214,225,252,252,252,252,112,116,290,296,,10.54031675,124.6382605
APCL357,4,243,247,252,254,225,225,155,175,96,105,330,334,209,211,241,241,214,214,258,258,252,252,112,112,290,290,,10.54022685,124.6380203
APCL355,4,243,245,254,254,225,225,171,175,96,105,322,330,209,211,241,243,214,220,258,258,252,252,112,112,296,298,,10.54044141,124.6377668
APCL354,4,243,243,254,254,225,225,171,183,94,101,0,0,211,249,241,249,214,225,258,258,252,252,112,112,0,0,,10.54044141,124.6377668
APCL351,4,245,249,254,254,225,225,163,183,96,96,330,330,0,0,241,249,214,229,258,258,252,254,112,116,288,296,,10.54035264,124.6378333
APCL374,4,241,243,254,254,225,225,187,195,96,101,330,346,207,213,241,241,225,229,250,250,252,252,112,112,290,296,,10.53308258,124.7527804
APCL373,4,243,243,254,254,225,225,183,183,96,101,326,326,219,219,241,241,214,218,250,250,252,252,112,116,296,296,,10.53308258,124.7527804
APCL377,4,243,243,254,260,225,225,183,187,96,96,322,330,211,249,249,249,214,225,252,260,252,252,116,116,290,290,,10.53322844,124.7529715
APCL365,4,243,249,254,254,225,225,159,175,96,105,318,326,231,231,241,243,225,229,0,0,252,252,112,116,290,298,,10.53092418,124.7519108
APCL397,4,243,245,254,254,225,225,159,195,96,101,318,318,209,211,241,243,214,225,252,264,252,254,112,116,288,290,,10.87304176,124.7122085
APCL398,4,243,243,254,254,225,225,163,171,96,113,322,326,217,219,241,243,214,225,252,256,252,252,112,112,298,298,,10.87311487,124.7122623
APCL395,4,243,249,254,254,225,225,163,171,92,92,334,350,207,211,241,243,225,229,250,252,252,252,112,116,290,303,,10.87291509,124.7121188
APCL390,4,243,245,252,260,225,227,171,175,96,101,338,346,211,213,241,241,214,214,258,258,252,254,112,116,290,296,,10.87337957,124.7121776
APCL391,4,243,243,254,254,225,225,175,183,94,101,330,338,213,213,241,249,225,229,252,258,252,252,112,112,296,296,,10.87337957,124.7121776
APCL411,4,243,243,252,254,225,225,179,195,94,101,326,330,205,211,243,243,214,214,250,262,254,254,112,116,288,298,,10.74388327,124.7863005
APCL402,4,243,243,254,254,225,225,175,179,96,96,330,334,209,231,243,243,214,225,256,256,252,252,112,112,296,296,,10.74341604,124.7866797
APCL406,4,243,243,254,254,225,225,171,175,94,96,318,322,207,211,249,249,214,229,252,264,252,252,112,116,288,296,,10.74374581,124.7864271
APCL407,4,243,245,254,254,225,225,171,187,101,105,326,342,213,231,241,243,225,229,252,258,252,252,112,112,290,294,,10.74374581,124.7864271
APCL427,4,245,249,252,258,225,225,167,175,92,96,322,330,211,213,241,243,214,225,252,264,252,252,112,114,296,298,,11.04215843,124.3689012
APCL419,4,243,249,254,258,225,225,171,183,96,101,326,326,207,217,241,241,214,225,252,258,252,252,112,112,290,290,,11.04136932,124.3687451
APCL425,4,243,243,254,254,225,225,167,175,92,101,342,342,211,213,241,241,214,229,258,258,252,252,112,116,288,300,,11.04167413,124.3691435
APCL424,4,243,245,258,258,225,225,167,167,92,96,318,326,209,211,241,241,216,229,252,256,252,252,112,116,296,300,,11.04161279,124.3690207
APCL422,4,243,243,252,256,225,225,163,175,96,96,330,338,211,247,241,241,216,229,252,258,252,252,112,116,296,298,,11.0414449,124.3689021
APCL420,4,243,245,254,258,225,225,129,187,96,101,330,338,211,219,241,243,214,225,256,256,252,252,116,116,292,296,,11.04136932,124.3687451
APCL436,4,241,243,252,254,225,227,159,183,92,96,310,338,209,211,249,249,214,225,256,258,252,252,116,116,290,290,,11.04390807,124.3674224
APCL459,4,243,245,252,254,225,225,175,195,101,101,318,342,231,231,241,243,225,225,258,258,252,254,112,118,290,296,,10.95565321,124.6488187
APCL455,4,243,245,252,254,225,225,171,179,94,96,326,326,0,0,241,243,225,229,252,260,252,252,116,116,288,294,,10.95565436,124.6488972
APCL458,4,243,243,254,258,225,231,175,175,96,113,310,322,209,209,241,243,214,214,252,252,252,252,112,112,290,296,,10.95565321,124.6488187
APCL461,4,0,0,254,254,225,225,171,171,94,96,314,322,209,219,241,243,214,218,256,260,252,252,112,116,290,296,,10.95525266,124.6493755
APCL495,4,243,243,252,254,225,225,171,171,96,105,338,338,207,213,243,243,214,216,252,258,252,252,112,114,296,296,,10.92453479,124.0342072
APCL497,4,243,245,254,254,225,225,155,183,96,96,318,346,219,221,241,243,214,214,252,252,252,252,112,112,290,298,,10.92448343,124.0341253
APCL513,4,245,247,252,256,225,225,171,175,92,96,330,330,211,231,241,249,229,229,250,256,252,252,112,116,288,294,,11.34746173,124.1050196
APCL512,4,243,245,252,254,225,225,175,187,101,105,326,342,213,231,249,249,225,229,252,258,252,254,112,116,290,319,,11.34746173,124.1050196
APCL514,4,243,243,254,254,225,225,171,175,94,96,334,334,213,219,243,249,214,225,256,258,252,252,112,112,296,296,,11.34746173,124.1050196
APCL525,4,243,245,254,256,225,225,163,175,92,92,314,330,209,213,241,241,216,225,252,258,252,252,116,116,290,298,,11.34804103,124.1052679
APCL515,4,243,245,254,254,225,225,129,179,92,96,330,334,207,223,241,249,214,225,252,258,252,252,112,114,290,296,,11.34753945,124.1050256
APCL519,4,243,245,254,258,225,225,167,187,92,96,326,330,209,215,243,249,214,225,258,258,252,252,112,116,290,294,,11.34776687,124.1052771
APCL528,4,243,245,254,254,225,225,163,175,92,96,330,338,211,211,241,243,220,225,252,288,252,252,112,112,290,290,,11.34800737,124.1053363
APCL529,4,243,245,254,258,225,225,183,187,92,96,330,346,211,231,241,241,225,225,252,258,252,252,116,116,0,0,,11.348026,124.1053437
APCL526,4,243,243,254,254,225,231,171,175,101,101,310,322,205,231,243,249,214,229,258,258,252,252,112,116,296,298,,11.34802143,124.1053318
APCL527,4,243,245,254,254,225,225,171,183,92,113,326,338,201,231,241,241,225,225,256,258,252,252,112,116,290,305,,11.34802143,124.1053318
APCL531,4,243,243,254,254,225,227,171,183,92,105,330,346,211,249,241,243,214,214,258,260,252,252,116,118,296,298,,11.3480409,124.1053813
APCL538,4,245,245,254,254,225,231,163,171,96,96,322,334,209,217,243,243,225,225,258,258,252,252,112,116,296,311,,11.19316384,124.0476547
APCL547,4,243,249,252,260,225,225,163,175,96,96,318,326,211,211,241,249,216,229,252,258,252,252,112,118,290,296,,11.20777281,124.0611368
