Offspring ID,Loci typed,First parent non-exclusion probability,Parent pair non-exclusion probability,First candidate ID,Loci typed,Pair loci compared,Pair loci mismatching,Pair LOD score,Pair top LOD,Pair confidence,Second candidate ID,Loci typed,Pair loci compared,Pair loci mismatching,Pair LOD score,Pair top LOD,Pair confidence,Trio loci compared,Trio loci mismatching,Trio LOD score,Trio top LOD,Trio confidence
APCL38,13, 5.90750012970480E-0004, 7.61122677097491E-0010,
APCL50,13, 1.98676638478815E-0002, 5.79740154074843E-0008,
APCL55,13, 1.29104285219734E-0003, 8.70589474233584E-0010,
APCL57,13, 8.68198919920498E-0003, 2.91747443603497E-0007,
APCL49,13, 9.97272432793033E-0003, 3.26956601183533E-0007,
APCL59,13, 1.52881968422610E-0002, 2.25299667164406E-0007,
APCL69,12, 9.00140511175369E-0003, 3.25287441886732E-0007,
APCL60,13, 1.12490650285251E-0002, 3.85819212262529E-0010,
APCL65,13, 8.51850442342590E-0003, 6.49590101719505E-0009,
APCL63,12, 3.58002256798553E-0003, 1.92503241093775E-0008,
APCL62,13, 7.66325694789387E-0004, 4.24460230597731E-0011,
APCL92,13, 7.22222098301833E-0003, 3.30239256156494E-0009,
APCL91,13, 3.53051220798663E-0003, 2.27838817320254E-0010,
APCL94,13, 1.10765932986158E-0002, 2.64912396022147E-0006,
APCL96,13, 6.84653987255966E-0003, 4.28649853852903E-0007,
APCL104,13, 1.60800560198864E-0002, 1.19405937038095E-0006,
APCL100,13, 8.08155305667715E-0003, 1.60775826134593E-0007,
APCL108,13, 4.27112299443155E-0003, 3.00133474301151E-0008,
APCL105,13, 3.85311224103747E-0002, 1.28192335779074E-0005,APCL224,13,13,0, 1.27138385023715E+0000, 0.00000000000000E+0000,,APCL365,12,12,0, 2.89572721283710E+0000, 2.89572721283710E+0000,-,13,0, 8.30331636732964E+0000, 8.30331636732964E+0000,-,
APCL103,13, 1.32814117373203E-0002, 1.47418370952343E-0007,
APCL106,13, 3.91891665111508E-0003, 4.18686513419959E-0009,
APCL107,12, 1.30598085119959E-0002, 6.02401916733201E-0007,
APCL126,13, 3.27473870210317E-0003, 9.61928221965209E-0009,
APCL135,12, 3.07187934825771E-0002, 1.25243654675225E-0005,
APCL129,13, 2.33139656955161E-0003, 2.62783254638047E-0009,
APCL128,13, 7.83792314668341E-0004, 4.37522255322271E-0010,
APCL140,13, 9.48356460740672E-0005, 1.75268779508727E-0011,
APCL134,13, 3.98185619707833E-0003, 5.32426957697725E-0008,
APCL127,13, 1.40151089912236E-0002, 2.07430861870800E-0008,
APCL124,12, 5.55291448253142E-0003, 1.36538439016539E-0007,
APCL133,13, 3.30412419815615E-0003, 5.36999976821036E-0008,
APCL136,13, 2.13899606844430E-0003, 1.76452680932534E-0008,
APCL143,13, 5.74946598420061E-0004, 1.48773816070278E-0008,
APCL142,13, 1.01604002644488E-0002, 1.35902915042358E-0007,
APCL162,11, 3.07994049209622E-0002, 5.98043154455740E-0007,
APCL163,13, 9.23337226567481E-0004, 2.11651647081970E-0010,
APCL165,13, 2.90062262338757E-0003, 5.10794418695901E-0009,
APCL177,13, 9.97687490903392E-0003, 2.93059603054936E-0007,
APCL171,13, 5.11175264842197E-0004, 1.38701970871480E-0011,
APCL192,13, 6.17616684959251E-0003, 4.58554981007297E-0008,
APCL195,11, 1.70665694234350E-0003, 6.68180929167684E-0010,
APCL193,13, 1.64280218161648E-0003, 8.75054078040535E-0009,
APCL202,13, 2.68804245746476E-0003, 1.95225969738776E-0007,
APCL201,13, 1.98513170489471E-0003, 1.58307214659292E-0008,
APCL203,13, 1.27301923776776E-0002, 1.72547592331221E-0008,
APCL208,13, 7.10699331926312E-0003, 1.56078468713628E-0008,
APCL222,12, 2.40677589010817E-0002, 4.88272235094328E-0007,
APCL242,13, 5.53971007362679E-0003, 2.28079764545578E-0008,
APCL240,13, 1.43624442007252E-0003, 1.24678641712694E-0008,
APCL244,13, 4.30274871966983E-0004, 9.36939034633777E-0011,
APCL241,13, 3.58847016367629E-0003, 1.04132615742082E-0007,
APCL252,13, 7.46463987680106E-0004, 3.78509513832214E-0010,
APCL247,13, 6.91021761593021E-0003, 2.02465333351152E-0007,
APCL256,13, 7.58767147881877E-0003, 1.43133124309913E-0008,
APCL258,13, 3.48907519561003E-0003, 4.28399734849202E-0009,
APCL266,13, 1.58130909703945E-0002, 7.51348248807196E-0007,
APCL274,13, 3.33447944116099E-0003, 3.58358260039366E-0009,
APCL273,13, 2.30419504795380E-0003, 2.54525810686773E-0008,
APCL270,13, 3.05740855734722E-0003, 2.86505198810753E-0007,
APCL271,13, 1.30879855172197E-0002, 7.28373682903044E-0008,
APCL264,12, 5.56134379951343E-0002, 4.23719613062358E-0004,APCL97,13,12,0, 3.19622486050812E+0000, 3.19622486050812E+0000,-,APCL243,13,12,0, 1.45351998427835E+0000, 0.00000000000000E+0000,,12,0, 7.13912006249535E+0000, 0.00000000000000E+0000,,
APCL264,12, 5.56134379951343E-0002, 4.23719613062358E-0004,APCL212,13,12,0, 3.03743380112436E+0000, 3.03743380112436E+0000,-,APCL346,13,12,0, 2.74930685567876E+0000, 0.00000000000000E+0000,,12,0, 7.13912006249535E+0000, 0.00000000000000E+0000,,
APCL281,13, 5.68880956013607E-0003, 6.36624881261681E-0008,
APCL284,13, 9.00287406923582E-0003, 2.99697686529847E-0007,
APCL294,13, 1.54827960376713E-0003, 1.78451700058315E-0009,
APCL287,13, 1.28260219749089E-0003, 1.95476140707615E-0008,
APCL293,13, 1.04097119233792E-0002, 3.85016645485991E-0008,
APCL295,13, 3.30566313260659E-0002, 1.36227679910007E-0005,
APCL304,13, 1.73223630442200E-0003, 1.24609439040462E-0012,
APCL292,13, 3.46973181715758E-0002, 7.24695064455625E-0007,
APCL290,13, 3.00280276292282E-0004, 4.23193014097977E-0012,
APCL303,13, 9.54448840324507E-0003, 2.02824068960749E-0006,
APCL316,13, 5.36292777750051E-0003, 2.51468268745422E-0007,
APCL306,12, 2.78058686170650E-0003, 9.79282604658071E-0009,
APCL310,12, 1.54074259831079E-0002, 4.72373361832249E-0006,APCL68,13,12,0, 2.81406392166527E+0000, 2.81406392166527E+0000,-,APCL438,10,9,0, 3.84080055922949E+0000, 3.84080055922949E+0000,-,12,0, 8.20581640826461E+0000, 8.20581640826461E+0000,-,
APCL315,13, 8.90241955861556E-0003, 2.38421878470596E-0009,
APCL318,13, 4.55152562455932E-0003, 9.54654696542347E-0008,
APCL314,13, 2.79801714277980E-0003, 8.75811786324093E-0008,
APCL353,12, 6.57573955800772E-0002, 2.43375745489719E-0004,APCL379,13,12,0, 3.50207472925397E+0000, 0.00000000000000E+0000,,APCL446,13,12,0, 3.61696598676871E+0000, 3.61696598676871E+0000,-,12,0, 1.00207364704909E+0001, 1.00207364704909E+0001,-,
APCL361,13, 4.07085038754228E-0003, 3.46239452492610E-0008,
APCL356,13, 5.60136829160787E-0003, 5.96939490077631E-0008,
APCL352,13, 3.02219902025137E-0003, 2.77828725484808E-0007,
APCL350,13, 1.32744156889203E-0002, 1.10000537178457E-0008,
APCL349,13, 6.57312110111415E-0003, 8.86454914450467E-0010,
APCL362,12, 3.84185707565171E-0003, 4.50394754759186E-0007,
APCL372,13, 8.15124687508772E-0003, 6.32583730371340E-0006,
APCL367,13, 2.52037493793642E-0003, 8.09335691292549E-0009,
APCL371,13, 1.84253773152859E-0004, 1.42649938973994E-0011,
APCL376,13, 3.25429817115551E-0005, 1.00598978903402E-0012,
APCL384,13, 1.32407521191038E-0003, 3.78597679152446E-0009,
APCL380,13, 3.63477255497546E-0003, 4.90268218553328E-0007,
APCL387,13, 2.55729117621036E-0003, 6.44370056240892E-0009,
APCL386,13, 5.32312523965973E-0003, 6.90243458910573E-0009,
APCL389,13, 2.03161262259176E-0003, 5.65838271076405E-0009,
APCL385,13, 6.89646398784725E-0003, 1.65888993178627E-0007,
APCL396,13, 8.87233259980011E-0004, 1.49081633120338E-0010,
APCL393,13, 9.78888735903492E-0003, 3.81947756854595E-0009,
APCL388,13, 1.14837187639011E-0004, 1.16562063377563E-0010,
APCL392,13, 1.33412445420665E-0002, 5.36885425710697E-0008,
APCL401,13, 9.78766316042493E-0003, 5.32841963144650E-0007,
APCL400,13, 7.44384928338429E-0003, 1.52193268509474E-0008,
APCL412,12, 6.19603719136497E-0003, 4.15139716821050E-0009,
APCL417,13, 1.30988312514830E-0002, 3.60180937464565E-0009,
APCL408,12, 9.97520525510545E-0004, 4.91408945600090E-0009,
APCL404,13, 7.31614714413029E-0004, 6.35983646802676E-0010,
APCL409,13, 1.84626927688541E-0002, 2.92759104776883E-0007,
APCL435,13, 1.12158653612219E-0003, 3.19725539606251E-0009,
APCL431,13, 8.78776440618094E-0003, 1.09724322737962E-0006,
APCL430,13, 6.89747305354548E-0003, 1.41020694013373E-0007,
APCL433,13, 2.71712380439959E-0003, 1.79600847720688E-0010,
APCL434,13, 3.72568745024303E-0003, 2.67767770841492E-0010,
APCL437,13, 1.07732349805921E-0002, 5.29631446059989E-0006,
APCL463,13, 4.52060785307004E-0003, 2.65494257903383E-0010,
APCL445,13, 2.59148682346654E-0003, 5.35721312217955E-0009,
APCL457,12, 2.13031404125672E-0002, 2.76947511074917E-0006,
APCL454,13, 4.78585894705932E-0004, 3.63678828527252E-0011,
APCL449,13, 9.16860504244835E-0004, 3.16453720600852E-0010,
APCL462,12, 1.75855370712821E-0003, 1.48782655479764E-0009,
APCL448,13, 1.95351315771296E-0002, 1.85931570344676E-0006,
APCL464,13, 3.34520870835882E-0004, 7.63907420186740E-0009,
APCL450,13, 2.43076742967864E-0003, 3.63243184868012E-0008,
APCL471,13, 1.07491697867418E-0003, 6.18950191010290E-0009,
APCL474,12, 3.99743031400614E-0003, 1.64280221237396E-0007,
APCL470,13, 2.00935633270221E-0003, 3.27438366772967E-0008,
APCL467,13, 2.48834569592680E-0003, 3.74935297533838E-0008,
APCL473,13, 1.91563717576102E-0003, 3.09959803604666E-0010,
APCL472,13, 2.27719887535663E-0002, 2.72511222906692E-0007,
APCL468,12, 3.95079900396986E-0002, 7.37642024714916E-0006,
APCL469,12, 5.41495829435704E-0003, 2.20854533689789E-0008,
APCL481,13, 2.21777335617992E-0003, 8.73344072379090E-0008,
APCL477,13, 3.18135432807607E-0003, 8.88148444770376E-0009,
APCL482,13, 6.70969288259789E-0003, 3.03191734460338E-0009,
APCL483,13, 4.36724415718303E-0003, 3.14133071825014E-0009,
APCL476,12, 7.90785773275207E-0003, 3.49855403050179E-0009,
APCL478,13, 2.20381894164194E-0003, 2.39949720547897E-0012,
APCL486,13, 4.00755072902960E-0003, 9.76193941878992E-0009,
APCL484,13, 7.60084191435217E-0003, 1.88598447375241E-0008,
APCL487,13, 9.34212393476558E-0004, 2.70988319965284E-0012,
APCL504,13, 9.00689454424183E-0003, 2.60187775295715E-0009,
APCL499,13, 2.00460234050160E-0002, 6.47998060842172E-0008,
APCL494,13, 1.75087948708714E-0003, 1.22341858518925E-0011,
APCL502,13, 1.21985201607299E-0003, 2.42895608114096E-0008,
APCL493,13, 7.86385102050766E-0003, 4.90226367282617E-0007,
APCL507,12, 3.04764683676334E-0002, 4.66299524930266E-0006,
APCL509,13, 7.13117572681680E-0003, 2.65794096334462E-0007,
APCL506,13, 4.93207978339140E-0004, 9.79031157794827E-0010,
APCL514,13, 5.90290777585168E-0003, 8.52269708064948E-0007,
APCL524,13, 5.17292038019764E-0003, 1.22827142746367E-0009,
APCL516,13, 3.13539308617464E-0003, 9.47408740471641E-0009,
APCL520,13, 3.61882824164020E-0003, 6.60161175255321E-0008,
APCL521,12, 5.45110684027926E-0003, 6.63310544147529E-0008,
APCL523,13, 1.03943549540673E-0002, 9.35204468847377E-0008,
APCL533,13, 3.91936977606293E-0003, 2.82327756516016E-0007,
APCL537,13, 5.12121163467079E-0004, 9.60045508547656E-0011,
APCL542,13, 4.46607509327898E-0003, 3.55845367037389E-0007,
APCL543,13, 1.26589241843457E-0002, 4.14544151859615E-0007,
APCL540,13, 8.44905890663428E-0003, 2.23098513726206E-0007,
APCL541,13, 4.13690980837204E-0003, 6.08207414714445E-0008,
APCL551,13, 3.27343257128564E-0003, 1.20458977170122E-0010,
APCL552,13, 2.71305892987334E-0003, 9.28379157950188E-0009,
APCL545,12, 1.05295628838727E-0002, 9.33522561385478E-0009,
APCL550,13, 8.54350480062434E-0005, 7.23788159800544E-0011,
